kinase,cluster_mean_percentile,control_mean_percentile,delta,family,n_pairs
ALK1,39.4140834355829,47.42870674846639,-8.014623312883487,TKL,4075
DSTYK,44.53306993865044,52.28696196319032,-7.75389202453988,TKL,4075
CAMK2G,29.09965153374237,36.03232147239266,-6.932669938650289,CAMK,4075
COT,41.16121226993865,48.01489815950931,-6.853685889570656,STE,4075
PLK1,46.6218208588959,53.40838527607362,-6.786564417177722,Other,4075
PLK3,42.529764417177894,49.13395337423314,-6.604188957055243,Other,4075
CK1G3,38.24921963190179,44.73993374233129,-6.490714110429501,CK1,4075
DRAK1,43.00443680981595,49.46539631901848,-6.460959509202532,CAMK,4075
GRK6,36.68079509202455,42.876341104294525,-6.195546012269972,AGC,4075
CK2A2,32.7408319018404,38.82615705521471,-6.085325153374306,Other,4075
ALK2,42.223774233128815,48.25905521472384,-6.035280981595022,TKL,4075
PLK2,44.97466012269933,50.964279754601364,-5.9896196319020305,Other,4075
BMPR2,48.48404662576704,54.43086871165635,-5.946822085889309,TKL,4075
CK2A1,33.6472957055216,39.507577914110364,-5.860282208588764,Other,4075
MLK4,53.562868711656435,59.396368098159606,-5.833499386503171,TKL,4075
MEKK3,52.659322699386536,58.396068711656575,-5.736746012270039,STE,4075
FAM20C,35.69019141104288,41.21896196319031,-5.528770552147428,FAM20,4075
YSK4,55.6237668711656,61.084588957055225,-5.460822085889625,STE,4075
NEK8,58.2458306748467,63.68411779141095,-5.438287116564247,Other,4075
ALK7,32.41000490797551,37.8390085889572,-5.429003680981687,TKL,4075
ATM,34.00025521472395,39.352628220858875,-5.3523730061349255,PIKK,4075
GRK2,33.89333742331289,39.13245398773024,-5.239116564417344,AGC,4075
GRK7,39.677710429447934,44.890417177913974,-5.21270674846604,AGC,4075
BMPR1A,42.53255214723938,47.73517300613489,-5.202620858895514,TKL,4075
GRK5,40.40402944785279,45.580596319018426,-5.176566871165633,AGC,4075
GCN2,46.43328343558276,51.57362944785255,-5.140346012269788,Other,4075
BMPR1B,40.859374233128946,45.99266993865042,-5.133295705521476,TKL,4075
MST2,59.97414723926373,64.95684907975473,-4.9827018404910035,STE,4075
NEK7,50.83483435582831,55.80369325153366,-4.9688588957053454,Other,4075
ANKRD3,55.002434355828356,59.781828220859,-4.779393865030642,TKL,4075
PINK1,39.832532515337334,44.53761717791412,-4.7050846625767875,Other,4075
BRAF,52.62944785276064,57.31925153374211,-4.68980368098147,TKL,4075
RAF1,43.16227975460116,47.753960736196326,-4.591680981595168,TKL,4075
GRK4,42.142741104294615,46.685597546012225,-4.5428564417176105,AGC,4075
CK1G2,42.06308957055222,46.56634846625779,-4.503258895705571,CK1,4075
PKCD,43.78243190184051,48.27543558282206,-4.493003680981552,AGC,4075
NEK6,47.17480490797532,51.65193619631893,-4.477131288343607,Other,4075
ULK1,52.51631165644172,56.79847607361934,-4.2821644171776185,Other,4075
CAMK2B,36.61000981595094,40.89020858895705,-4.280198773006113,CAMK,4075
PIM1,31.736056441717825,35.91199754601225,-4.175941104294427,CAMK,4075
GRK3,36.8846404907975,41.02017423312898,-4.135533742331475,AGC,4075
ACVR2A,47.814144785276,51.92941840490801,-4.115273619632013,TKL,4075
MOS,33.07780122699388,37.18752392638041,-4.109722699386531,Other,4075
ACVR2B,48.57388466257688,52.502225766871014,-3.928341104294134,TKL,4075
HUNK,47.95581595092017,51.82724907975454,-3.8714331288343686,CAMK,4075
PKR,56.688598773006134,60.54216441717808,-3.853565644171944,Other,4075
YANK3,43.58062331288348,47.43289325153378,-3.852269938650295,AGC,4075
GRK1,38.25777423312883,42.05403926380369,-3.79626503067486,AGC,4075
ULK2,57.308584049079535,60.931766871165514,-3.6231828220859796,Other,4075
AURA,39.37606380368096,42.99296932515343,-3.616905521472475,Other,4075
CAMK1G,44.6426944785276,48.20898895705509,-3.566294478527489,CAMK,4075
ALPHAK3,51.398544785275995,54.95552883435566,-3.5569840490796665,Alpha,4075
YANK2,53.3830674846626,56.936728834355726,-3.5536613496931295,AGC,4075
TAO3,48.15315828220867,51.70390920245402,-3.550750920245349,STE,4075
MST4,41.92053496932513,45.431241717791586,-3.510706748466454,STE,4075
MLK1,58.08149693251538,61.52442944785276,-3.4429325153373824,TKL,4075
OSR1,58.82601717791407,62.265923926380324,-3.4399067484662567,STE,4075
ZAK,60.05564417177905,63.465759509202336,-3.410115337423285,TKL,4075
TTK,61.723784049079754,65.06032147239281,-3.336537423313061,Other,4075
NIK,46.23070184049082,49.411121472392516,-3.1804196319016924,STE,4075
GCK,55.04731533742333,58.2158969325152,-3.1685815950918723,STE,4075
DLK,50.428046625766825,53.58868957055216,-3.1606429447853372,TKL,4075
PERK,61.358679754601255,64.41413496932527,-3.05545521472402,Other,4075
IRE2,56.324041717791395,59.37660613496929,-3.052564417177898,Other,4075
TLK1,54.85873619631895,57.891710429447734,-3.0329742331287832,Other,4075
MEKK1,61.6718036809816,64.57026993865027,-2.898466257668673,STE,4075
HRI,60.79128098159519,63.688444171779146,-2.897163190183953,Other,4075
PIM3,38.08051042944799,40.944775460122656,-2.864265030674666,CAMK,4075
IKKB,42.08802944785283,44.89926380368107,-2.8112343558282404,Other,4075
TGFBR2,48.987204907975446,51.79153865030672,-2.8043337423312735,TKL,4075
GAK,53.951516564416984,56.72069938650319,-2.769182822086208,Other,4075
RIPK2,57.831948466257494,60.56872883435585,-2.7367803680983585,TKL,4075
SLK,51.8729104294478,54.59931042944779,-2.726399999999991,STE,4075
CAMKK1,66.01915092024545,68.71105030674838,-2.691899386502925,Other,4075
MSK2,40.725683435582816,43.40650552147246,-2.6808220858896448,AGC,4075
RSK4,35.87518282208594,38.492282208588925,-2.6170993865029857,AGC,4075
CK1D,42.62865766871175,45.2315877300613,-2.6029300613495465,CK1,4075
BCKDK,42.49262331288338,45.069936196318814,-2.5773128834354324,PDHK,4075
PKCB,50.087418404907964,52.581575460122714,-2.4941570552147496,AGC,4075
PKN3,39.51284171779139,41.94313128834351,-2.4302895705521195,AGC,4075
NEK5,66.9751607361963,69.40522699386517,-2.4300662576688694,Other,4075
DAPK3,49.19916073619623,51.5953128834358,-2.396152147239576,CAMK,4075
MEKK2,63.516628220859026,65.90019141104321,-2.3835631901841836,STE,4075
PRKX,32.04953128834358,34.43008834355819,-2.3805570552146094,AGC,4075
NEK9,63.75637791411036,66.11457668711658,-2.3581987730062224,Other,4075
DAPK1,47.949163190184,50.221011042944795,-2.271847852760793,CAMK,4075
LATS2,39.52426257668713,41.7890846625767,-2.26482208588957,AGC,4075
CAMK1D,47.77745766871152,50.041973006134796,-2.2645153374232763,CAMK,4075
TGFBR1,47.657506748466126,49.84109938650309,-2.183592638036963,TKL,4075
PKCG,47.92418650306758,50.10464539877301,-2.180458895705428,AGC,4075
MST1,59.66183067484667,61.80778895705499,-2.145958282208319,STE,4075
TAO2,55.826009815950975,57.956451533742424,-2.1304417177914488,STE,4075
TAK1,62.834920245398614,64.95414723926393,-2.1192269938653183,TKL,4075
EEF2K,62.973955828220824,65.05800736196326,-2.0840515337424392,Alpha,4075
SRPK2,28.20580613496935,30.264078527607396,-2.0582723926380453,CMGC,4075
CAMK2A,35.028650306748546,37.06726625766858,-2.0386159509200326,CAMK,4075
IKKA,49.15246871165645,51.186480981595146,-2.0340122699386995,Other,4075
CAMK4,50.547906748466204,52.580770552147236,-2.032863803681032,CAMK,4075
PKCH,51.408012269938666,53.43295705521476,-2.024944785276091,AGC,4075
PLK4,56.20774478527618,58.2106404907976,-2.002895705521425,Other,4075
TLK2,56.498024539877264,58.46586012269937,-1.9678355828221044,Other,4075
TNIK,59.98340122699389,61.940984049079745,-1.957582822085854,STE,4075
PKCA,49.15543558282204,51.09804907975462,-1.9426134969325801,AGC,4075
PKACB,39.260888343558264,41.169766871165734,-1.9088785276074702,AGC,4075
MSK1,42.1458208588959,44.048137423312824,-1.902316564416921,AGC,4075
PASK,43.79453006134976,45.66733987730063,-1.8728098159508662,CAMK,4075
DCAMKL2,51.01084662576684,52.862412269938574,-1.8515656441717354,CAMK,4075
BRSK1,41.74994846625777,43.538294478527675,-1.7883460122699049,CAMK,4075
MEK1,53.72830674846619,55.504792638036776,-1.776485889570587,STE,4075
PKN2,49.6986650306749,51.45759018404915,-1.7589251533742498,AGC,4075
ALK4,49.84968098159511,51.57660368098155,-1.7269226993864422,TKL,4075
NDR1,42.15303312883433,43.86596073619641,-1.712927607362083,AGC,4075
CDK2,38.84580122699399,40.54327852760736,-1.6974773006133717,CMGC,4075
MLK3,63.44489570552145,65.12247852760737,-1.6775828220859168,TKL,4075
IKKE,47.96995092024544,49.638213496932494,-1.6682625766870558,Other,4075
MARK1,47.25733006134969,48.91671165644167,-1.659381595091979,CAMK,4075
MINK,64.96568834355828,66.61328098159497,-1.6475926380366843,STE,4075
TSSK3,38.38713865030661,40.03226012269943,-1.645121472392816,CAMK,4075
VRK2,66.02608588957091,67.60397546012267,-1.5778895705517613,CK1,4075
NUAK1,46.242667484662704,47.816591411042864,-1.5739239263801608,CAMK,4075
STLK3,67.97936932515331,69.5042184049079,-1.5248490797545884,STE,4075
MAPKAPK2,41.94211042944792,43.44989693251531,-1.5077865030673863,CAMK,4075
STK33,59.0551828220858,60.489769325153496,-1.434586503067699,CAMK,4075
CAMK1A,50.197415950920366,51.631703067484644,-1.4342871165642777,CAMK,4075
GSK3A,30.460922699386554,31.8936613496933,-1.4327386503067459,CMGC,4075
PRPK,43.0753177914111,44.495403680981696,-1.4200858895705935,Other,4075
RSK2,38.205965644171705,39.60157300613501,-1.3956073619633074,AGC,4075
MARK3,45.20216196319023,46.59240736196319,-1.3902453987729615,CAMK,4075
SMMLCK,50.274736196319,51.66040245398752,-1.3856662576685252,CAMK,4075
LATS1,32.429499386503124,33.797406134969286,-1.3679067484661616,AGC,4075
CAMK1B,40.14798773006133,41.48402944785263,-1.3360417177912964,CAMK,4075
NDR2,36.880768098159585,38.20553865030674,-1.3247705521471573,AGC,4075
P70S6KB,40.931862576687,42.24710674846628,-1.3152441717792769,AGC,4075
MYO3A,64.40951411042948,65.67660368098169,-1.2670895705522014,STE,4075
TSSK4,43.67838282208591,44.94461349693246,-1.266230674846554,CAMK,4075
KHS2,55.71148466257666,56.947842944785215,-1.2363582822085561,STE,4075
SNRK,55.61714846625768,56.82993619631897,-1.2127877300612866,CAMK,4075
PKCT,55.707121472392494,56.873563190184,-1.166441717791507,AGC,4075
CLK2,25.47960981595095,26.622039263803675,-1.1424294478527237,CMGC,4075
MEK5,60.62324417177935,61.72370552147247,-1.10046134969312,STE,4075
CHK1,48.97641226993867,50.0604687116565,-1.0840564417178271,CAMK,4075
MARK2,47.29596564417186,48.379001226993864,-1.0830355828220064,CAMK,4075
WNK2,47.33327116564415,48.376088343558294,-1.042817177914145,Other,4075
SRPK3,29.31220368098158,30.302907975460176,-0.9907042944785971,CMGC,4075
CAMKK2,65.54581104294496,66.5197202453986,-0.9739092024536404,Other,4075
DCAMKL1,53.07501104294506,54.04177914110444,-0.9667680981593847,CAMK,4075
CDK1,34.239879754601226,35.164068711656384,-0.9241889570551578,CMGC,4075
NEK2,63.64938404907981,64.57317546012284,-0.9237914110430268,Other,4075
P90RSK,40.944184049079624,41.86163926380383,-0.9174552147242068,AGC,4075
MRCKA,50.577715337423314,51.4416171779141,-0.863901840490783,AGC,4075
PHKG2,53.88201472392627,54.74348957055204,-0.8614748466257751,CAMK,4075
PIM2,42.16079509202453,42.98760736196323,-0.8268122699386993,CAMK,4075
PKCZ,55.08398282208581,55.884586503067595,-0.8006036809817871,AGC,4075
SIK,47.170507975460175,47.960301840491006,-0.7897938650308305,CAMK,4075
CAMK2D,47.63665766871159,48.411531288343504,-0.7748736196319115,CAMK,4075
RSK3,43.719217177914196,44.46689079754602,-0.7476736196318257,AGC,4075
AKT1,48.315312883435695,49.058014723926405,-0.7427018404907102,AGC,4075
AURB,50.76701349693255,51.5034846625768,-0.7364711656442537,Other,4075
TBK1,51.44989447852746,52.150500613496924,-0.7006061349694619,Other,4075
AKT2,43.41409325153361,44.10397546012286,-0.6898822085892533,AGC,4075
MNK1,47.58183803680984,48.24669202454011,-0.6648539877302682,CAMK,4075
CK1G1,46.92757546012263,47.55993865030667,-0.6323631901840372,CK1,4075
MYO3B,66.5017030674846,67.12649325153386,-0.6247901840492602,STE,4075
PKACA,44.66108957055216,45.27279263803708,-0.6117030674849246,AGC,4075
RIPK3,59.690341104294625,60.287936196319095,-0.5975950920244699,TKL,4075
TAO1,59.48325153374243,60.070476073619695,-0.587224539877262,STE,4075
QSK,46.54745276073626,47.1175901840493,-0.5701374233130352,CAMK,4075
HPK1,56.81315582822097,57.37918036809815,-0.5660245398771764,STE,4075
MARK4,47.97709938650307,48.49595337423313,-0.5188539877300613,CAMK,4075
MYLK4,48.33741104294478,48.8157791411044,-0.47836809815962056,CAMK,4075
PKACG,46.24941349693242,46.660628220858676,-0.4112147239262569,AGC,4075
AKT3,46.83877300613484,47.24707484662575,-0.4083018404909069,AGC,4075
CDK3,39.100274846625666,39.50369570552146,-0.4034208588957924,CMGC,4075
PRKD2,44.30653742331284,44.6974036809817,-0.3908662576688613,CAMK,4075
NUAK2,41.39589202453982,41.773229447852586,-0.3773374233127669,CAMK,4075
HGK,64.99270184049087,65.34895214723934,-0.35625030674847835,STE,4075
CHK2,52.751079754600944,53.08765398773013,-0.3365742331291841,CAMK,4075
DNAPK,40.19779386503073,40.47627975460115,-0.278485889570419,PIKK,4075
NIM1,48.734566871165605,48.974240490797655,-0.23967361963205036,CAMK,4075
SRPK1,30.354537423312973,30.55011042944792,-0.19557300613494633,CMGC,4075
NEK11,62.51349202453986,62.66615214723919,-0.1526601226993307,Other,4075
CK1A,43.26211779141101,43.3831926380369,-0.12107484662589485,CK1,4075
MTOR,33.62113619631899,33.70890552147238,-0.08776932515338842,PIKK,4075
LOK,60.8812024539877,60.954198773006155,-0.07299631901845771,STE,4075
YSK1,66.92352883435585,66.90533251533736,0.01819631901848595,STE,4075
TSSK2,55.7934355828222,55.76006380368102,0.03337177914117717,CAMK,4075
CDC7,38.41646871165641,38.34978895705516,0.06667975460124609,Other,4075
AURC,45.92015950920257,45.83469693251533,0.08546257668724166,Other,4075
PKCI,53.74889815950927,53.662930061349606,0.08596809815966111,AGC,4075
CLK4,29.69150184049077,29.58429693251534,0.10720490797542936,CMGC,4075
P70S6K,50.10537423312872,49.96373006134955,0.14164417177916988,AGC,4075
CLK3,33.62804662576686,33.44077546012266,0.18727116564420498,CMGC,4075
SGK1,43.17164662576687,42.98237546012272,0.18927116564415059,AGC,4075
IRE1,60.460154601226954,60.266348466257526,0.193806134969428,Other,4075
MEK2,67.36870429447862,67.15523926380358,0.21346503067503875,STE,4075
PKCE,51.30648098159505,51.07045153374235,0.23602944785270097,AGC,4075
NEK4,70.38715828220866,70.09660368098169,0.2905546012269724,Other,4075
CDK15,35.47007361963188,35.15550184049089,0.31457177914099077,CMGC,4075
NEK1,72.0802429447855,71.76243435582809,0.31780858895740494,Other,4075
LRRK2,60.479644171779114,60.134471165644214,0.34517300613489965,TKL,4075
ROCK1,57.62677546012261,57.263398773005974,0.3633766871166344,AGC,4075
PHKG1,53.62805889570552,53.25508466257669,0.37297423312882927,CAMK,4075
BIKE,59.109099386503054,58.685673619631906,0.42342576687114786,Other,4075
ATR,40.313874846625765,39.880586503067526,0.43328834355823886,PIKK,4075
TTBK2,59.94153374233137,59.499104294478535,0.4424294478528381,CK1,4075
MAPKAPK5,49.49495214723931,49.02995828220848,0.4649938650308272,CAMK,4075
IRAK1,66.23431411042954,65.75190184049114,0.4824122699383935,TKL,4075
KHS1,61.8582282208589,61.34917055214727,0.5090576687116268,STE,4075
MRCKB,52.35984785276064,51.84597546012267,0.513872392637964,AGC,4075
WNK3,54.01512392638025,53.47414478527599,0.540979141104259,Other,4075
QIK,53.49299877300604,52.92985766871183,0.5631411042942105,CAMK,4075
DMPK1,52.54466012269956,51.977332515337395,0.5673276073621665,AGC,4075
BRSK2,52.68827730061344,52.11621104294469,0.5720662576687516,CAMK,4075
MNK2,45.85911901840487,45.286596319018486,0.5725226993863828,CAMK,4075
CDKL1,36.653825766871044,36.06050061349702,0.5933251533740247,CMGC,4075
CLK1,32.48036564417184,31.85837300613499,0.6219926380368506,CMGC,4075
NEK3,67.16268466257682,66.49260613496928,0.6700785276075436,Other,4075
ROCK2,56.69193619631911,55.96398282208565,0.727953374233465,AGC,4075
MASTL,55.9516736196318,55.16526134969332,0.7864122699384808,AGC,4075
CK1E,44.51445153374237,43.67790920245398,0.8365423312883848,CK1,4075
CK1A2,42.481717791411064,41.594868711656616,0.8868490797544482,CK1,4075
MST3,60.636611042944786,59.721658895705396,0.91495214723939,STE,4075
KIS,34.09937423312873,33.183631901840556,0.9157423312881718,Other,4075
TSSK1,56.24684907975461,55.296468711656445,0.9503803680981662,CAMK,4075
MELK,59.42627975460134,58.422498159509324,1.0037815950920148,CAMK,4075
DAPK2,51.60937914110442,50.59439263803674,1.0149865030676821,CAMK,4075
VRK1,72.18858159509216,71.06475828220866,1.123823312883502,CK1,4075
AMPKA1,53.53895460122691,52.37215950920246,1.1667950920244508,CAMK,4075
MLK2,69.34018159509215,68.1334380368098,1.2067435582823407,TKL,4075
PRKD3,50.34937914110426,49.13029447852772,1.2190846625765346,CAMK,4075
MAPKAPK3,52.60464294478535,51.37628220858894,1.2283607361964073,CAMK,4075
CDK16,42.55500122699394,41.31114355828217,1.2438576687117688,CMGC,4075
PAK1,52.56598282208576,51.31630429447852,1.2496785276072373,STE,4075
CHAK2,58.314267484662615,57.002981595092,1.3112858895706125,Alpha,4075
SKMLCK,55.57605398772984,54.16296932515334,1.4130846625765017,CAMK,4075
RIPK1,62.858530061349704,61.41358773006131,1.444942331288395,TKL,4075
TTBK1,63.4206895705521,61.972927607362074,1.4477619631900254,CK1,4075
MEKK6,67.85003435582819,66.3772049079754,1.4728294478527886,STE,4075
PKN1,56.24282453987725,54.76738404907981,1.475440490797439,AGC,4075
PAK2,56.72524907975461,55.21384785276071,1.511401226993904,STE,4075
ERK7,47.29493496932512,45.77798282208569,1.5169521472394294,CMGC,4075
PBK,54.49394110429451,52.86178895705512,1.6321521472393883,Other,4075
ASK1,67.12580858895707,65.479263803681,1.6465447852760775,STE,4075
PRP4,47.49579877300606,45.84264539877317,1.653153374232886,CMGC,4075
AAK1,58.63829447852746,56.90540858895706,1.7328858895704045,Other,4075
SSTK,58.155241717791434,56.41015705521477,1.7450846625766658,CAMK,4075
SBK,43.217661349693266,41.4543165644172,1.7633447852760682,Other,4075
CDK10,39.56383558282225,37.790998773006066,1.7728368098161837,CMGC,4075
CDK13,38.80832392638046,36.9512220858897,1.8571018404907633,CMGC,4075
NLK,39.82651779141104,37.932549693251545,1.8939680981594975,CMGC,4075
CRIK,54.02858404907971,52.12979877300608,1.8987852760736317,AGC,4075
WNK4,62.079555828220805,60.15098404907956,1.9285717791412438,Other,4075
LKB1,65.33351901840497,63.37572515337402,1.9577938650309505,CAMK,4075
AMPKA2,53.27376441717785,51.28782085889574,1.9859435582821092,CAMK,4075
SGK3,52.45009079754614,50.45650061349695,1.9935901840491894,AGC,4075
PDK1,61.497492024539696,59.487391411042765,2.010100613496931,AGC,4075
CDK6,46.35883926380368,44.31873128834358,2.040107975460103,CMGC,4075
WNK1,55.35680245398803,53.23669938650307,2.120103067484962,Other,4075
CDK14,42.67358773006144,40.532211042944716,2.1413766871167255,CMGC,4075
PRKD1,50.16125398772997,48.01946503067485,2.1417889570551196,CAMK,4075
IRAK4,70.87768343558271,68.67255705521463,2.2051263803680854,TKL,4075
ULK3,58.947614723926385,56.740238036809764,2.2073766871166214,Other,4075
CDK17,43.884937423313026,41.65964907975462,2.225288343558404,CMGC,4075
GSK3B,38.435806134969354,36.050036809816014,2.3857693251533405,CMGC,4075
CDK5,46.705698159509154,44.29127607361945,2.4144220858897043,CMGC,4075
SMG1,58.19052760736207,55.76578404907981,2.424743558282259,PIKK,4075
CAMLCK,51.32403926380359,48.88704539877295,2.4369938650306437,CAMK,4075
CDK12,40.647146012269985,38.10369325153371,2.5434527607362725,CMGC,4075
ERK2,46.19374723926386,43.508267484662426,2.685479754601431,CMGC,4075
CDK4,43.74304294478542,41.00879263803691,2.734250306748514,CMGC,4075
BUB1,58.41911901840504,55.58741840490806,2.8317006134969844,Other,4075
DYRK3,38.545403680981586,35.659472392637966,2.8859312883436203,CMGC,4075
MAP3K15,69.05967607361954,66.12344785276073,2.9362282208588084,STE,4075
PKG2,55.45671411042946,52.38147730061352,3.075236809815941,AGC,4075
CDK18,44.745050306748425,41.647447852760905,3.0976024539875198,CMGC,4075
HASPIN,55.839825766871265,52.67405398773001,3.1657717791412523,Other,4075
CDKL5,42.296485889570526,39.119656441717765,3.176829447852761,CMGC,4075
PAK5,55.55746993865023,52.328706748466324,3.228763190183905,STE,4075
DYRK1B,37.980242944785346,34.69490552147243,3.2853374233129173,CMGC,4075
PAK3,59.650984049079696,56.353023312883536,3.29796073619616,STE,4075
CDKL2,42.19737668711658,38.89833619631902,3.299040490797559,CMGC,4075
JNK3,43.13073619631902,39.75623312883434,3.3745030674846817,CMGC,4075
JNK1,40.5562012269939,37.17866012269941,3.3775411042944867,CMGC,4075
P38G,44.975941104294506,41.528478527607426,3.44746257668708,CMGC,4075
CHAK1,67.08467239263787,63.439796319018384,3.6448760736194856,Alpha,4075
ERK5,45.659565644171806,42.01467975460134,3.6448858895704674,CMGC,4075
PAK4,54.37786012269932,50.68352147239259,3.694338650306726,STE,4075
ICK,45.131590184048946,41.4048883435584,3.7267018404905485,CMGC,4075
PKG1,59.74167607361973,56.004431901840555,3.7372441717791745,AGC,4075
CDK8,42.78750184049074,38.99007361963196,3.7974282208587837,CMGC,4075
CDK19,43.7178773006133,39.886549693251716,3.8313276073615867,CMGC,4075
CDK9,43.813438036809984,39.9441668711657,3.8692711656442853,CMGC,4075
DYRK4,36.19949693251526,32.18233619631901,4.017160736196253,CMGC,4075
HIPK1,41.14147239263812,37.10708220858915,4.0343901840489735,CMGC,4075
HIPK2,39.50191165644164,35.34722208588948,4.154689570552165,CMGC,4075
PAK6,53.916026993865245,49.73627975460117,4.179747239264074,STE,4075
P38D,47.50692024539866,43.11502576687122,4.3918944785274405,CMGC,4075
P38A,48.40680245398768,44.01166380368099,4.395138650306691,CMGC,4075
ERK1,47.899273619631906,43.47711411042937,4.422159509202537,CMGC,4075
DYRK2,40.10293987730062,35.636468711656455,4.466471165644165,CMGC,4075
DYRK1A,41.83213006134963,37.285607361963216,4.546522699386415,CMGC,4075
JNK2,45.29971042944797,40.60046134969316,4.699249079754807,CMGC,4075
MAK,45.10303067484654,40.071138650306786,5.031892024539758,CMGC,4075
MOK,46.967123926380324,41.81010552147256,5.157018404907767,CMGC,4075
P38B,48.72132515337431,43.399791411042926,5.321533742331383,CMGC,4075
HIPK4,43.98072638036814,38.36417668711667,5.616549693251471,CMGC,4075
CDK7,45.26545030674843,39.27733496932506,5.988115337423366,CMGC,4075
MPSK1,64.4505153374233,58.312277300613395,6.138238036809902,Other,4075
HIPK3,48.1666478527608,41.620765644171875,6.545882208588928,CMGC,4075
