accession,cluster_n90,control_n90,cluster_max,control_max,delta_n90,delta_max
A0AVK6,6.25,16.5,96.0375,98.68,-10.25,-2.6425000000000125
A3KN83,30.0,17.416666666666668,97.43416666666667,97.67666666666666,12.583333333333332,-0.2424999999999926
A5YKK6,23.428571428571427,19.0,97.0792857142857,98.46857142857142,4.428571428571427,-1.3892857142857196
A6NF01,20.25,34.5,97.1925,98.87,-14.25,-1.677500000000009
A8CG34,14.5,21.615384615384617,97.21423076923078,98.05653846153845,-7.115384615384617,-0.8423076923076707
O00151,7.4,12.0,95.676,96.674,-4.6,-0.9980000000000047
O00268,20.0,28.166666666666668,98.16250000000001,98.8575,-8.166666666666668,-0.6949999999999932
O00712,7.25,43.75,94.8925,98.5625,-36.5,-3.6700000000000017
O14497,7.888888888888889,23.11111111111111,94.95777777777778,97.07222222222222,-15.222222222222221,-2.1144444444444446
O14519,29.0,24.0,98.79833333333333,99.28500000000001,5.0,-0.4866666666666788
O14639,42.666666666666664,27.333333333333332,98.82333333333334,99.35000000000001,15.333333333333332,-0.5266666666666708
O14964,14.142857142857142,14.0,96.54142857142857,99.03857142857143,0.14285714285714235,-2.4971428571428618
O14974,11.0,21.95,95.089,97.5685,-10.95,-2.4795000000000016
O15014,7.166666666666667,41.833333333333336,96.75833333333333,97.735,-34.66666666666667,-0.9766666666666737
O15027,9.75,18.5,97.035,98.985,-8.75,-1.9500000000000028
O15047,18.571428571428573,18.642857142857142,97.145,96.46714285714286,-0.0714285714285694,0.6778571428571354
O15164,10.0,10.142857142857142,93.1842857142857,95.85142857142857,-0.14285714285714235,-2.6671428571428635
O15178,7.5,11.75,96.30250000000001,97.4175,-4.25,-1.1149999999999949
O15460,40.0,20.333333333333332,97.99000000000001,97.27,19.666666666666668,0.7200000000000131
O15511,24.25,16.75,96.6675,97.7575,7.5,-1.0899999999999892
O15550,24.333333333333332,19.0,98.95,97.35000000000001,5.333333333333332,1.5999999999999943
O43312,27.0,17.0,98.88,97.14666666666666,10.0,1.7333333333333343
O43395,19.5,33.25,98.24249999999999,98.4325,-13.75,-0.19000000000001194
O43432,19.166666666666668,11.333333333333334,97.53166666666668,97.57833333333333,7.833333333333334,-0.046666666666652645
O43615,21.0,50.0,98.065,99.0025,-29.0,-0.9375
O43670,11.5,17.708333333333332,95.42500000000001,97.84375,-6.208333333333332,-2.4187499999999886
O43823,5.666666666666667,21.333333333333332,97.75666666666666,98.32666666666667,-15.666666666666664,-0.5700000000000074
O60318,17.333333333333332,6.0,97.64333333333333,96.27,11.333333333333332,1.3733333333333348
O60488,37.333333333333336,16.333333333333332,99.34666666666668,97.44666666666667,21.000000000000004,1.9000000000000057
O60610,11.333333333333334,17.333333333333332,97.94,97.74333333333334,-5.999999999999998,0.19666666666665833
O60664,23.166666666666668,33.833333333333336,98.98,99.26166666666666,-10.666666666666668,-0.2816666666666521
O60675,10.9,37.9,96.86800000000001,98.953,-27.0,-2.0849999999999937
O60841,26.0,30.333333333333332,99.14,99.08666666666666,-4.333333333333332,0.05333333333334167
O60885,17.0,29.0,98.1975,96.7475,-12.0,1.4500000000000028
O75030,6.666666666666667,15.666666666666666,93.95333333333333,96.79666666666667,-9.0,-2.8433333333333337
O75116,7.0,17.666666666666668,97.93333333333334,98.65333333333332,-10.666666666666668,-0.7199999999999847
O75157,9.4,19.4,97.304,99.18,-9.999999999999998,-1.8760000000000048
O75170,15.666666666666666,52.0,97.53000000000002,99.08333333333333,-36.333333333333336,-1.5533333333333132
O75179,15.324324324324325,19.405405405405407,97.07324324324324,97.36702702702702,-4.0810810810810825,-0.29378378378378045
O75376,25.96969696969697,27.03030303030303,96.99545454545455,98.20151515151515,-1.0606060606060623,-1.2060606060606034
O75717,10.333333333333334,28.166666666666668,95.55666666666667,98.545,-17.833333333333336,-2.9883333333333297
O75909,36.0,14.333333333333334,99.70333333333333,98.98666666666668,21.666666666666664,0.7166666666666544
O76070,5.0,4.666666666666667,98.50666666666666,95.49333333333334,0.33333333333333304,3.013333333333321
O94811,6.333333333333333,22.333333333333332,96.64333333333333,98.58333333333333,-16.0,-1.9399999999999977
O94842,11.333333333333334,18.666666666666668,97.83666666666666,97.96749999999999,-7.333333333333334,-0.13083333333332803
O94913,9.2,46.0,94.166,97.888,-36.8,-3.7220000000000084
O95081,10.714285714285714,29.428571428571427,97.23142857142857,99.02714285714286,-18.714285714285715,-1.795714285714297
O95292,8.333333333333334,22.666666666666668,92.10666666666667,97.75999999999999,-14.333333333333334,-5.653333333333322
O95425,12.333333333333334,7.0,97.60000000000001,97.02,5.333333333333334,0.5800000000000125
O95486,28.90909090909091,18.0,99.10636363636364,98.57727272727271,10.90909090909091,0.5290909090909253
O95487,14.88,14.72,97.34120000000001,96.7784,0.16000000000000014,0.56280000000001
O95628,13.625,24.5,95.73,97.4275,-10.875,-1.697499999999991
O95817,27.333333333333332,6.0,97.27333333333333,93.38,21.333333333333332,3.893333333333331
O95835,11.0,8.2,98.34200000000001,98.50399999999999,2.8000000000000007,-0.16199999999997772
P02545,16.571428571428573,32.857142857142854,96.71000000000001,98.93357142857143,-16.28571428571428,-2.223571428571418
P04150,17.2,8.0,96.096,97.35,9.2,-1.2539999999999907
P04792,9.2,4.0,97.42,93.674,5.199999999999999,3.745999999999995
P05556,41.0,34.0,99.14,99.08,7.0,0.060000000000002274
P05783,25.8,16.4,98.577,98.739,9.400000000000002,-0.16200000000000614
P05787,23.166666666666668,23.0,97.81333333333333,99.16833333333334,0.16666666666666785,-1.355000000000004
P06401,7.25,37.0,95.0075,99.5025,-29.75,-4.4950000000000045
P06748,12.0,40.0,99.39,99.88,-28.0,-0.4899999999999949
P07196,28.88888888888889,22.333333333333332,98.06444444444445,96.96555555555557,6.555555555555557,1.0988888888888795
P07197,26.25,20.5,97.44749999999999,97.6625,5.75,-0.2150000000000034
P07339,41.333333333333336,25.666666666666668,99.11666666666667,98.93,15.666666666666668,0.18666666666666742
P08047,13.333333333333334,23.0,94.28333333333335,98.47666666666667,-9.666666666666666,-4.193333333333328
P08235,6.666666666666667,31.333333333333332,96.78000000000002,97.42666666666666,-24.666666666666664,-0.646666666666647
P08651,20.833333333333332,34.833333333333336,96.44,99.27666666666666,-14.000000000000004,-2.836666666666659
P08670,47.8,26.0,99.306,98.916,21.799999999999997,0.39000000000000057
P09651,34.0,27.5,98.44749999999999,99.825,6.5,-1.377500000000012
P0C7T5,17.555555555555557,25.555555555555557,98.5611111111111,98.14444444444445,-8.0,0.4166666666666572
P0CG13,29.666666666666668,24.333333333333332,99.41333333333334,98.99333333333334,5.333333333333336,0.4200000000000017
P10070,11.0,27.666666666666668,96.01333333333332,98.14666666666666,-16.666666666666668,-2.13333333333334
P11117,33.0,29.666666666666668,99.37333333333333,99.25,3.333333333333332,0.12333333333333485
P11279,37.333333333333336,25.166666666666668,99.22000000000001,97.75166666666667,12.166666666666668,1.468333333333348
P11717,29.666666666666668,17.0,99.10666666666667,98.81,12.666666666666668,0.29666666666666686
P11940,25.0,30.666666666666668,98.47666666666667,99.70666666666666,-5.666666666666668,-1.2299999999999898
P12270,5.555555555555555,17.333333333333332,96.08444444444444,97.76666666666667,-11.777777777777777,-1.6822222222222223
P12757,19.666666666666668,22.666666666666668,97.49000000000001,98.45666666666666,-3.0,-0.9666666666666544
P13796,19.5,38.5,97.08250000000001,97.84,-19.0,-0.7574999999999932
P14859,35.333333333333336,24.333333333333332,98.26666666666667,98.45666666666666,11.000000000000004,-0.18999999999999773
P15336,3.6666666666666665,24.0,93.08666666666666,98.7,-20.333333333333332,-5.613333333333344
P15586,17.333333333333332,73.66666666666667,99.19333333333333,99.62,-56.33333333333334,-0.4266666666666765
P15822,17.0,23.846153846153847,97.7523076923077,97.5653846153846,-6.846153846153847,0.18692307692309384
P17275,10.944444444444445,27.333333333333332,96.54388888888889,98.97944444444444,-16.388888888888886,-2.4355555555555526
P17535,5.0,18.333333333333332,94.19333333333333,98.21333333333332,-13.333333333333332,-4.019999999999996
P18146,6.5,21.5,95.4125,97.6525,-15.0,-2.240000000000009
P18583,20.0,7.666666666666667,98.00333333333333,98.04666666666667,12.333333333333332,-0.043333333333336554
P18846,14.545454545454545,15.0,97.44636363636364,96.1809090909091,-0.45454545454545503,1.2654545454545456
P20823,14.4,13.4,97.524,96.591,1.0,0.9330000000000069
P22681,4.625,20.375,95.97125,98.29875,-15.75,-2.3275000000000006
P23246,22.75,24.75,98.8075,97.74000000000001,-2.0,1.0674999999999955
P23588,47.6,23.2,99.144,99.002,24.400000000000002,0.14200000000001012
P27540,16.5,23.166666666666668,96.54666666666667,96.77166666666666,-6.666666666666668,-0.22499999999999432
P27816,31.5,35.0,99.33500000000001,98.6375,-3.5,0.6975000000000051
P28347,7.0,55.25,96.4025,99.7,-48.25,-3.2974999999999994
P28356,12.5,9.25,95.8075,95.45750000000001,3.25,0.3499999999999943
P29372,4.666666666666667,64.33333333333333,93.58999999999999,99.14999999999999,-59.666666666666664,-5.560000000000002
P30533,14.333333333333334,21.0,97.76333333333334,99.22666666666667,-6.666666666666666,-1.4633333333333383
P30622,16.5,16.166666666666668,98.61833333333334,97.27833333333335,0.33333333333333215,1.3399999999999892
P31270,22.8,31.6,98.424,98.148,-8.8,0.27600000000001046
P31629,17.76923076923077,21.153846153846153,98.23153846153846,98.4723076923077,-3.3846153846153832,-0.2407692307692315
P32243,7.666666666666667,6.333333333333333,93.97000000000001,96.26666666666667,1.333333333333334,-2.2966666666666526
P32519,12.666666666666666,28.333333333333332,99.27666666666669,99.59666666666668,-15.666666666666666,-0.3199999999999932
P33076,17.333333333333332,28.333333333333332,97.07000000000001,99.10666666666667,-11.0,-2.0366666666666617
P35611,4.0,24.333333333333332,95.75333333333333,99.53333333333335,-20.333333333333332,-3.7800000000000153
P35613,20.666666666666668,30.0,99.23666666666666,99.43,-9.333333333333332,-0.19333333333334224
P35658,13.666666666666666,17.036363636363635,96.89551515151516,97.45715151515152,-3.369696969696969,-0.5616363636363673
P36507,36.666666666666664,45.666666666666664,99.41000000000001,98.38,-9.0,1.0300000000000153
P37198,19.3125,21.5625,98.0596875,97.03375,-2.25,1.0259374999999977
P38606,9.0,12.0,98.10333333333334,96.78333333333335,-3.0,1.3199999999999932
P39880,12.375,12.25,97.46875,97.565,0.125,-0.09624999999999773
P40425,17.5,18.25,98.0575,97.72749999999999,-0.75,0.3300000000000125
P40763,13.8,39.2,93.68199999999999,99.51599999999999,-25.400000000000002,-5.834000000000003
P41236,22.5,35.25,96.1775,98.6825,-12.75,-2.5050000000000097
P42166,10.333333333333334,5.333333333333333,94.39,94.63,5.000000000000001,-0.23999999999999488
P43155,33.666666666666664,35.333333333333336,99.70333333333333,98.67666666666666,-1.6666666666666714,1.0266666666666708
P43243,14.125,25.375,97.19749999999999,97.55625,-11.25,-0.3587500000000148
P43308,17.0,8.0,96.37333333333333,96.97666666666667,9.0,-0.6033333333333388
P46013,11.0,19.75,97.3575,98.81,-8.75,-1.4525000000000006
P46100,32.333333333333336,40.0,97.92333333333333,99.14333333333333,-7.666666666666664,-1.2199999999999989
P46977,34.666666666666664,51.666666666666664,99.61,98.51333333333332,-17.0,1.0966666666666782
P47985,9.333333333333334,21.333333333333332,95.80666666666667,98.33,-11.999999999999998,-2.5233333333333263
P48431,5.428571428571429,18.285714285714285,95.32285714285715,98.28857142857143,-12.857142857142856,-2.9657142857142844
P48634,14.0,42.666666666666664,97.29,98.58333333333333,-28.666666666666664,-1.2933333333333223
P49321,9.11111111111111,11.777777777777779,96.66444444444444,96.87222222222222,-2.666666666666668,-0.20777777777777828
P49336,10.75,20.0,97.525,98.6925,-9.25,-1.1674999999999898
P49750,20.5,17.25,97.1475,98.94875,3.25,-1.8012500000000102
P49756,17.0,59.0,98.52999999999999,99.69,-42.0,-1.1600000000000108
P49790,11.779816513761467,17.03669724770642,96.3791743119266,96.8970642201835,-5.2568807339449535,-0.5178899082568904
P49792,21.043478260869566,13.304347826086957,97.47521739130434,97.5313043478261,7.739130434782609,-0.056086956521752995
P49848,25.785714285714285,12.5,98.09142857142857,95.41428571428571,13.285714285714285,2.6771428571428544
P49916,49.666666666666664,27.333333333333332,97.82333333333334,98.67333333333333,22.333333333333332,-0.8499999999999943
P50402,29.142857142857142,23.857142857142858,98.48857142857142,97.7942857142857,5.285714285714285,0.6942857142857122
P51610,18.226277372262775,16.62043795620438,97.51080291970803,97.8465693430657,1.6058394160583944,-0.3357664233576685
P51826,22.5,5.0,96.68,93.96,17.5,2.720000000000013
P51991,34.666666666666664,37.0,98.81666666666666,99.69,-2.3333333333333357,-0.8733333333333348
P52594,13.722222222222221,24.0,96.73333333333333,97.60333333333332,-10.277777777777779,-0.8699999999999903
P52948,21.775862068965516,24.189655172413794,97.82603448275862,98.25310344827587,-2.4137931034482776,-0.4270689655172504
P53814,6.666666666666667,22.666666666666668,96.17666666666666,96.76333333333334,-16.0,-0.5866666666666731
P53992,11.666666666666666,15.0,98.92333333333333,97.25666666666666,-3.333333333333334,1.6666666666666714
P54253,12.0,27.0,98.44,99.0175,-15.0,-0.5775000000000006
P54727,18.3,12.3,97.578,96.705,6.0,0.8730000000000047
P55197,24.666666666666668,11.666666666666666,98.27333333333333,97.45666666666666,13.000000000000002,0.8166666666666629
P55198,11.0,17.363636363636363,97.4309090909091,98.5409090909091,-6.363636363636363,-1.1099999999999994
P55265,11.2,13.0,96.392,97.31,-1.8000000000000007,-0.9180000000000064
P55317,39.666666666666664,28.666666666666668,99.25666666666666,99.36666666666667,10.999999999999996,-0.11000000000001364
P56715,29.666666666666668,13.666666666666666,97.38333333333333,99.20666666666666,16.0,-1.8233333333333377
P57740,25.666666666666668,15.0,99.31333333333333,97.21333333333332,10.666666666666668,2.1000000000000085
P61769,16.0,23.0,96.17666666666666,98.83999999999999,-7.0,-2.663333333333327
P61927,7.0,40.333333333333336,95.29333333333334,98.59333333333332,-33.333333333333336,-3.299999999999983
P63261,26.333333333333332,32.666666666666664,97.41666666666667,98.93666666666667,-6.333333333333332,-1.519999999999996
P68400,5.0,15.25,96.9125,96.86500000000001,-10.25,0.04749999999998522
P78364,13.666666666666666,14.0,99.29333333333334,98.55666666666667,-0.3333333333333339,0.7366666666666646
P78406,24.0,18.428571428571427,99.24857142857142,98.11999999999999,5.571428571428573,1.1285714285714334
P78559,4.0,18.0,94.41333333333334,96.74333333333334,-14.0,-2.3299999999999983
P82979,10.4,9.4,97.896,95.88399999999999,1.0,2.0120000000000147
P85037,11.23076923076923,22.23076923076923,96.41153846153846,95.72692307692309,-11.0,0.6846153846153697
P98082,11.0,15.75,96.67,98.765,-4.75,-2.094999999999999
P98171,27.25,11.0,98.19,98.7175,16.25,-0.5275000000000034
Q00535,12.666666666666666,14.666666666666666,97.54,98.54666666666667,-2.0,-1.0066666666666606
Q00839,16.25,63.5,98.7975,99.8875,-47.25,-1.0900000000000034
Q01082,23.142857142857142,11.571428571428571,97.69857142857143,96.66142857142857,11.571428571428571,1.0371428571428538
Q01167,17.75,22.5,98.785,98.105,-4.75,0.6799999999999926
Q01196,22.333333333333332,11.666666666666666,99.19666666666667,96.66666666666667,10.666666666666666,2.530000000000001
Q01664,17.25,16.25,97.80250000000001,97.6675,1.0,0.13500000000000512
Q02505,10.263157894736842,14.789473684210526,95.95157894736842,97.91,-4.526315789473683,-1.9584210526315786
Q02818,9.0,19.75,97.57,99.27,-10.75,-1.7000000000000028
Q03164,8.0,14.7,95.299,97.043,-6.699999999999999,-1.7439999999999998
Q04637,15.571428571428571,26.142857142857142,98.26285714285714,97.92714285714285,-10.571428571428571,0.33571428571428896
Q04726,20.4,30.2,98.16799999999999,99.44399999999999,-9.8,-1.2759999999999962
Q04727,15.75,15.75,98.46000000000001,98.16,0.0,0.30000000000001137
Q05209,15.5,8.25,97.6725,93.3875,7.25,4.284999999999997
Q07020,89.33333333333333,57.666666666666664,99.31,99.60000000000001,31.666666666666664,-0.29000000000000625
Q07157,17.333333333333332,21.666666666666668,98.21,96.88666666666667,-4.333333333333336,1.3233333333333235
Q07666,64.4,22.8,99.24600000000001,99.09,41.60000000000001,0.1560000000000059
Q07912,26.2,47.4,97.886,99.27000000000001,-21.2,-1.3840000000000146
Q09666,8.666666666666666,20.333333333333332,96.15666666666668,98.675,-11.666666666666666,-2.5183333333333167
Q12778,19.666666666666668,32.666666666666664,98.82333333333334,99.36000000000001,-12.999999999999996,-0.536666666666676
Q12830,13.63888888888889,18.833333333333332,96.32499999999999,97.27625,-5.194444444444443,-0.9512500000000159
Q12857,19.576923076923077,19.73076923076923,96.23153846153846,97.72461538461539,-0.1538461538461533,-1.4930769230769272
Q12888,1.0,7.0,92.19666666666667,94.96333333333332,-6.0,-2.7666666666666515
Q12948,36.333333333333336,29.666666666666668,98.52666666666669,99.13666666666667,6.666666666666668,-0.6099999999999852
Q12955,14.5,35.75,93.8,97.6625,-21.25,-3.862499999999997
Q13243,125.33333333333333,118.66666666666667,99.24666666666667,99.91333333333334,6.666666666666657,-0.6666666666666714
Q13330,46.666666666666664,27.333333333333332,98.12333333333333,98.87333333333333,19.333333333333332,-0.75
Q13443,24.666666666666668,25.333333333333332,98.39333333333333,99.10333333333334,-0.6666666666666643,-0.710000000000008
Q13474,17.0,16.0,97.74666666666667,98.65666666666668,1.0,-0.9100000000000108
Q13485,9.0,33.666666666666664,97.79,98.94,-24.666666666666664,-1.1499999999999915
Q13492,17.066666666666666,13.666666666666666,96.88799999999999,95.82199999999999,3.4000000000000004,1.0660000000000025
Q13495,7.0,33.666666666666664,95.64999999999999,98.59333333333332,-26.666666666666664,-2.943333333333328
Q13554,33.8,26.2,98.92999999999999,98.008,7.599999999999998,0.921999999999997
Q13576,17.0,9.666666666666666,98.86,93.52,7.333333333333334,5.340000000000003
Q13620,15.8,16.8,96.5,97.286,-1.0,-0.7860000000000014
Q13952,14.666666666666666,7.333333333333333,98.27333333333333,96.67,7.333333333333333,1.6033333333333246
Q14004,4.5,17.166666666666668,94.71,98.28166666666668,-12.666666666666668,-3.5716666666666868
Q14119,16.352941176470587,11.764705882352942,97.93117647058823,95.18705882352941,4.588235294117645,2.7441176470588147
Q14145,10.0,54.333333333333336,97.96999999999998,99.86666666666667,-44.333333333333336,-1.8966666666666896
Q14157,18.359375,20.328125,97.261875,97.48546875,-1.96875,-0.22359374999999204
Q14161,9.5,73.75,96.0425,99.4025,-64.25,-3.3599999999999994
Q14247,16.833333333333332,25.166666666666668,98.03833333333334,98.92,-8.333333333333336,-0.8816666666666606
Q14444,10.0,10.555555555555555,96.34555555555556,97.4588888888889,-0.5555555555555554,-1.1133333333333297
Q14671,24.5,23.2,97.44,98.66499999999999,1.3000000000000007,-1.2249999999999943
Q14676,17.25,23.0,97.775,97.955,-5.75,-0.1799999999999926
Q14677,8.333333333333334,20.0,94.80666666666667,98.06666666666666,-11.666666666666666,-3.259999999999991
Q14684,9.333333333333334,65.33333333333333,96.13,98.73666666666668,-55.99999999999999,-2.6066666666666833
Q14686,12.857142857142858,19.571428571428573,96.99357142857143,98.17785714285715,-6.714285714285715,-1.1842857142857213
Q14814,15.8,11.2,98.013,98.637,4.600000000000001,-0.6239999999999952
Q14966,16.666666666666668,14.166666666666666,98.84333333333332,97.755,2.5000000000000018,1.088333333333324
Q14980,25.375,42.75,98.665,98.36625,-17.375,0.2987500000000125
Q15042,29.666666666666668,22.666666666666668,98.18666666666667,99.24000000000001,7.0,-1.0533333333333417
Q15058,9.0,46.666666666666664,98.33,98.70666666666666,-37.666666666666664,-0.37666666666666515
Q15154,42.666666666666664,33.333333333333336,98.40666666666668,95.81333333333333,9.333333333333329,2.593333333333348
Q15437,8.666666666666666,31.666666666666668,97.83333333333333,99.56666666666666,-23.0,-1.7333333333333343
Q15459,20.0,9.666666666666666,96.37333333333333,97.99000000000001,10.333333333333334,-1.6166666666666742
Q15637,11.333333333333334,22.833333333333332,96.5,98.735,-11.499999999999998,-2.2349999999999994
Q15648,11.615384615384615,28.46153846153846,97.80384615384615,98.28769230769231,-16.846153846153847,-0.4838461538461587
Q15652,14.73913043478261,15.26086956521739,96.21608695652174,98.14304347826086,-0.5217391304347814,-1.926956521739129
Q15654,21.0,56.666666666666664,98.52666666666666,99.0,-35.666666666666664,-0.4733333333333434
Q15691,15.75,13.0,96.025,97.4025,2.75,-1.3774999999999977
Q15723,19.666666666666668,17.666666666666668,96.96583333333332,97.875,2.0,-0.9091666666666782
Q15750,12.666666666666666,16.833333333333332,96.14166666666667,98.28666666666668,-4.166666666666666,-2.1450000000000102
Q15788,8.0,12.333333333333334,96.25666666666666,98.97666666666667,-4.333333333333334,-2.720000000000013
Q15942,17.625,24.75,97.08625,98.795,-7.125,-1.7087499999999949
Q16186,15.545454545454545,17.727272727272727,95.61090909090909,97.58181818181819,-2.1818181818181817,-1.9709090909091032
Q16204,28.857142857142858,11.0,99.0657142857143,96.41,17.857142857142858,2.6557142857142964
Q16555,17.666666666666668,29.666666666666668,99.13,98.59333333333332,-12.0,0.536666666666676
Q16594,22.666666666666668,19.0,97.415,98.74833333333333,3.666666666666668,-1.3333333333333286
Q17RS7,7.75,34.75,95.1425,99.22749999999999,-27.0,-4.084999999999994
Q2KHR3,16.52,19.28,96.59,97.3316,-2.7600000000000016,-0.7415999999999912
Q2M2I8,21.0,20.5,98.6875,99.125,0.5,-0.4375
Q2NL68,4.666666666666667,8.0,95.55666666666666,94.73333333333333,-3.333333333333333,0.8233333333333235
Q2TAL8,19.666666666666668,13.666666666666666,98.34666666666668,98.08333333333333,6.000000000000002,0.26333333333334963
Q4KMP7,18.5,18.333333333333332,95.87333333333333,97.80833333333334,0.16666666666666785,-1.9350000000000023
Q4LDE5,23.0,38.0,97.39,99.20333333333333,-15.0,-1.8133333333333326
Q53ET0,8.0,9.333333333333334,97.81666666666666,96.09333333333332,-1.333333333333334,1.7233333333333434
Q5BJH7,21.0,10.5,98.4525,98.375,10.5,0.07750000000000057
Q5H9F3,18.285714285714285,14.0,98.21000000000001,96.99714285714286,4.285714285714285,1.2128571428571462
Q5JSZ5,11.285714285714286,27.571428571428573,98.12142857142858,97.35857142857142,-16.285714285714285,0.7628571428571576
Q5SW79,12.0,12.0,93.28000000000002,97.64,0.0,-4.359999999999985
Q5T0B9,23.666666666666668,27.555555555555557,97.49111111111111,97.60666666666667,-3.8888888888888893,-0.11555555555555941
Q5T3F8,9.666666666666666,12.333333333333334,97.80666666666667,99.88666666666666,-2.666666666666668,-2.079999999999984
Q5T5J6,9.666666666666666,32.0,96.05333333333333,98.58,-22.333333333333336,-2.526666666666671
Q5T6F2,12.948717948717949,21.692307692307693,96.32410256410256,97.84179487179487,-8.743589743589745,-1.5176923076923146
Q5T8P6,6.571428571428571,28.142857142857142,94.59857142857143,98.13571428571429,-21.57142857142857,-3.537142857142854
Q5VT52,17.102040816326532,17.93877551020408,97.10102040816327,97.67551020408165,-0.8367346938775491,-0.5744897959183817
Q5VUA4,14.615384615384615,29.923076923076923,96.47615384615385,98.34692307692308,-15.307692307692308,-1.870769230769227
Q5VWN6,21.11111111111111,43.44444444444444,96.79777777777778,99.04666666666667,-22.333333333333332,-2.248888888888885
Q5VYK3,31.0,10.666666666666666,98.90666666666668,98.01333333333332,20.333333333333336,0.8933333333333593
Q68CP9,17.363636363636363,15.0,96.2009090909091,97.43272727272728,2.3636363636363633,-1.2318181818181841
Q6AI39,12.833333333333334,14.333333333333334,97.46666666666665,97.01333333333334,-1.5,0.45333333333331893
Q6KC79,21.571428571428573,27.714285714285715,98.16428571428571,98.43714285714286,-6.142857142857142,-0.27285714285714846
Q6MZP7,20.818181818181817,15.787878787878787,97.12424242424242,97.3069696969697,5.030303030303029,-0.18272727272727707
Q6N021,9.666666666666666,22.666666666666668,98.85000000000001,99.40333333333332,-13.000000000000002,-0.5533333333333132
Q6N043,28.25,16.25,98.3475,97.85,12.0,0.4975000000000023
Q6NXT4,7.333333333333333,52.0,96.77666666666666,99.35333333333334,-44.666666666666664,-2.576666666666682
Q6P3W7,11.5,8.25,98.9175,97.35249999999999,3.25,1.565000000000012
Q6P4R8,12.0,21.09259259259259,96.59148148148148,97.96166666666667,-9.092592592592592,-1.3701851851851927
Q6PCB5,2.6666666666666665,12.333333333333334,94.13333333333333,98.55666666666667,-9.666666666666668,-4.423333333333346
Q6PJG2,21.428571428571427,26.428571428571427,98.51,98.06428571428572,-5.0,0.4457142857142884
Q6PJT7,23.0,20.416666666666668,97.68166666666667,97.84916666666668,2.583333333333332,-0.16750000000000398
Q6PKG0,10.333333333333334,32.666666666666664,97.36666666666667,99.25666666666666,-22.33333333333333,-1.8899999999999864
Q6Q0C0,34.166666666666664,26.166666666666668,96.79333333333334,98.71166666666666,7.9999999999999964,-1.9183333333333223
Q6UN15,11.181818181818182,45.63636363636363,96.55636363636363,99.22454545454546,-34.45454545454545,-2.6681818181818358
Q6UUV7,20.4,20.333333333333332,98.28933333333333,97.78066666666668,0.06666666666666643,0.5086666666666559
Q6UVJ0,22.6,23.0,97.018,96.13199999999999,-0.3999999999999986,0.8860000000000099
Q6VMQ6,12.272727272727273,16.363636363636363,96.80409090909092,96.87590909090909,-4.09090909090909,-0.07181818181817334
Q6W2J9,15.5,16.0,96.32833333333333,98.72666666666667,-0.5,-2.3983333333333405
Q6ZN30,26.333333333333332,63.0,98.66000000000001,99.04333333333334,-36.66666666666667,-0.38333333333332575
Q6ZRI6,14.333333333333334,17.333333333333332,97.89,98.85333333333334,-2.9999999999999982,-0.9633333333333383
Q6ZRS2,19.75,14.25,98.16166666666668,97.35083333333334,5.5,0.8108333333333348
Q6ZSR9,22.0,10.333333333333334,97.96333333333332,98.19,11.666666666666666,-0.22666666666667368
Q6ZU65,9.428571428571429,9.571428571428571,95.69571428571429,97.04857142857144,-0.14285714285714235,-1.3528571428571468
Q71RG4,7.333333333333333,20.666666666666668,97.93333333333334,99.25666666666666,-13.333333333333336,-1.3233333333333235
Q7KZ85,11.25,29.0,96.5975,99.555,-17.75,-2.9575000000000102
Q7L592,11.333333333333334,11.666666666666666,95.64666666666666,98.0,-0.33333333333333215,-2.353333333333339
Q7LBC6,8.578947368421053,22.789473684210527,96.18157894736842,97.15684210526315,-14.210526315789474,-0.9752631578947302
Q7Z2W4,20.666666666666668,28.666666666666668,99.15333333333332,99.33666666666666,-8.0,-0.18333333333333712
Q7Z3B4,16.833333333333332,25.666666666666668,96.585,98.61833333333334,-8.833333333333336,-2.0333333333333456
Q7Z3K3,15.0,24.5,96.78458333333333,97.79166666666667,-9.5,-1.007083333333341
Q7Z417,5.5,12.857142857142858,90.97571428571429,97.2807142857143,-7.357142857142858,-6.305000000000007
Q7Z434,17.666666666666668,3.3333333333333335,99.30666666666667,91.97333333333334,14.333333333333334,7.333333333333329
Q7Z589,14.983870967741936,17.70967741935484,97.42645161290322,97.19709677419355,-2.725806451612904,0.22935483870966777
Q7Z5J4,17.75,20.666666666666668,96.64916666666666,97.61333333333333,-2.916666666666668,-0.9641666666666708
Q7Z5L9,14.0,23.88888888888889,98.16777777777777,97.7811111111111,-9.88888888888889,0.38666666666667027
Q7Z6B7,5.0,35.2,97.418,97.898,-30.200000000000003,-0.47999999999998977
Q7Z6J0,25.2,30.6,97.17999999999999,99.00999999999999,-5.400000000000002,-1.8299999999999983
Q7Z6Z7,17.0,18.666666666666668,98.31666666666666,95.96,-1.6666666666666679,2.356666666666669
Q7Z739,10.818181818181818,17.636363636363637,97.67727272727274,98.50181818181818,-6.818181818181818,-0.8245454545454436
Q86TC9,14.272727272727273,22.545454545454547,95.71272727272726,97.22272727272728,-8.272727272727273,-1.5100000000000193
Q86U42,94.8,81.4,99.884,99.712,13.399999999999991,0.17199999999999704
Q86U70,13.5,22.5,98.705,97.4425,-9.0,1.2625000000000028
Q86UE4,18.25,33.25,96.13250000000001,99.30000000000001,-15.0,-3.167500000000004
Q86UU0,6.333333333333333,9.0,96.44,96.39,-2.666666666666667,0.04999999999999716
Q86V15,12.833333333333334,30.5,98.41166666666668,98.61666666666667,-17.666666666666664,-0.2049999999999983
Q86V40,35.0,19.666666666666668,99.10000000000001,97.46,15.333333333333332,1.6400000000000148
Q86VY4,17.0,63.333333333333336,97.00999999999999,99.76666666666667,-46.333333333333336,-2.756666666666675
Q86XN7,13.666666666666666,14.666666666666666,96.07666666666667,96.69666666666667,-1.0,-0.6200000000000045
Q86XP3,11.857142857142858,21.857142857142858,97.07285714285715,97.40714285714286,-10.0,-0.33428571428571274
Q86Y37,23.25,36.25,97.33,98.625,-13.0,-1.2950000000000017
Q86YP4,15.655172413793103,22.896551724137932,97.38275862068966,97.45965517241379,-7.241379310344829,-0.07689655172413268
Q8IVF2,5.25,19.25,95.1075,98.16,-14.0,-3.052499999999995
Q8IVH2,9.0,11.333333333333334,97.53333333333335,96.86333333333333,-2.333333333333334,0.6700000000000159
Q8IVL0,29.333333333333332,68.33333333333333,98.64,98.85333333333334,-39.0,-0.21333333333333826
Q8IVL1,12.666666666666666,23.0,97.54666666666667,98.38333333333333,-10.333333333333334,-0.8366666666666589
Q8IVW6,13.333333333333334,16.0,98.22666666666667,97.69,-2.666666666666666,0.536666666666676
Q8IWB9,11.375,4.5,94.89625000000001,94.745,6.875,0.15125000000000455
Q8IWI9,18.22222222222222,13.222222222222221,97.70666666666666,96.97888888888889,5.0,0.7277777777777743
Q8IWP9,6.666666666666667,8.0,94.66000000000001,97.58333333333333,-1.333333333333333,-2.923333333333318
Q8IWZ3,16.333333333333332,27.833333333333332,98.09666666666668,97.75333333333333,-11.5,0.3433333333333479
Q8IWZ8,9.75,20.75,97.57,98.335,-11.0,-0.7650000000000006
Q8IX12,10.166666666666666,13.0,96.33333333333333,97.58999999999999,-2.833333333333334,-1.2566666666666606
Q8IY33,15.7,22.8,96.398,97.97,-7.100000000000001,-1.5720000000000027
Q8IZ21,18.666666666666668,24.22222222222222,97.99,98.16888888888889,-5.555555555555554,-0.17888888888889198
Q8IZH2,6.666666666666667,15.0,98.03666666666668,97.10666666666667,-8.333333333333332,0.9300000000000068
Q8N1F7,16.333333333333332,10.0,97.73333333333333,96.86333333333334,6.333333333333332,0.8699999999999903
Q8N1G0,8.5,25.5,97.2125,97.6725,-17.0,-0.45999999999999375
Q8N3V7,13.363636363636363,17.90909090909091,96.31545454545454,98.04181818181819,-4.545454545454547,-1.7263636363636436
Q8N3X1,28.333333333333332,3.0,97.71999999999998,96.57000000000001,25.333333333333332,1.1499999999999773
Q8N4C6,61.8,24.6,97.55199999999999,99.29,37.199999999999996,-1.7380000000000138
Q8N8S7,14.666666666666666,28.666666666666668,97.55666666666667,99.38,-14.000000000000002,-1.8233333333333235
Q8NA82,33.666666666666664,23.333333333333332,97.92,99.34666666666665,10.333333333333332,-1.426666666666648
Q8ND83,33.333333333333336,7.333333333333333,98.66333333333334,96.72666666666667,26.000000000000004,1.9366666666666674
Q8NDV7,14.95,21.9,97.57050000000001,97.239,-6.949999999999999,0.33150000000000546
Q8NDX5,18.666666666666668,16.0,97.42266666666666,96.95,2.666666666666668,0.4726666666666546
Q8NEM7,23.0,18.666666666666668,98.87333333333333,97.23666666666666,4.333333333333332,1.6366666666666703
Q8NEZ2,20.0,17.8,97.66499999999999,97.08500000000001,2.1999999999999993,0.5799999999999841
Q8NEZ4,13.857142857142858,25.142857142857142,96.04285714285713,97.61,-11.285714285714285,-1.5671428571428692
Q8NF91,5.333333333333333,28.333333333333332,94.01333333333334,99.46666666666665,-23.0,-5.453333333333319
Q8NFC6,19.333333333333332,19.0,96.51333333333332,98.58999999999999,0.33333333333333215,-2.076666666666668
Q8NFD5,6.666666666666667,9.333333333333334,96.59666666666668,97.13333333333333,-2.666666666666667,-0.5366666666666475
Q8NFH5,20.0,12.5,97.8875,98.2125,7.5,-0.32500000000000284
Q8NG31,15.714285714285714,30.142857142857142,97.88571428571429,98.55714285714285,-14.428571428571429,-0.6714285714285637
Q8TC07,12.333333333333334,15.666666666666666,94.58999999999999,93.98333333333333,-3.333333333333332,0.6066666666666549
Q8TC56,11.333333333333334,24.333333333333332,96.23666666666668,98.33666666666666,-12.999999999999998,-2.09999999999998
Q8TCU4,11.666666666666666,12.833333333333334,96.30166666666666,96.64,-1.1666666666666679,-0.33833333333333826
Q8TDM6,16.0,20.8,99.062,98.878,-4.800000000000001,0.1839999999999975
Q8TEQ6,11.333333333333334,24.0,95.89,98.18333333333334,-12.666666666666666,-2.2933333333333366
Q8TF68,14.88888888888889,25.555555555555557,97.91444444444444,97.04,-10.666666666666668,0.8744444444444355
Q8TF74,17.5,33.25,98.025,99.2225,-15.75,-1.197499999999991
Q8WUH6,9.5,16.5,96.98,98.7175,-7.0,-1.7374999999999972
Q8WW12,11.666666666666666,24.666666666666668,97.3,97.45,-13.000000000000002,-0.15000000000000568
Q8WWI1,25.785714285714285,18.785714285714285,97.86785714285715,97.96357142857143,7.0,-0.09571428571427987
Q8WWM7,13.25,14.5,96.80583333333334,96.98166666666667,-1.25,-0.17583333333332973
Q8WX93,26.4,23.4,98.526,99.252,3.0,-0.7259999999999991
Q8WXI9,14.76923076923077,36.15384615384615,97.22923076923077,98.56692307692309,-21.384615384615383,-1.337692307692322
Q8WY36,8.25,12.25,94.11,96.56,-4.0,-2.450000000000003
Q8WYP5,36.0,25.714285714285715,98.09285714285714,98.26857142857143,10.285714285714285,-0.17571428571429237
Q8WYQ9,9.0,9.5,95.8075,95.81,-0.5,-0.0024999999999977263
Q92540,22.666666666666668,12.0,99.01333333333332,98.09333333333332,10.666666666666668,0.9200000000000017
Q92541,1.3333333333333333,20.333333333333332,90.46999999999998,96.76666666666667,-19.0,-6.296666666666681
Q92576,26.11111111111111,32.44444444444444,98.06555555555556,98.64555555555555,-6.333333333333332,-0.5799999999999841
Q92615,17.666666666666668,41.333333333333336,99.03333333333335,99.44666666666667,-23.666666666666668,-0.4133333333333269
Q92733,34.666666666666664,41.333333333333336,97.73,98.53666666666668,-6.666666666666671,-0.806666666666672
Q92793,28.0,31.125,98.03625,97.9575,-3.125,0.07874999999999943
Q92841,19.833333333333332,31.166666666666668,96.46166666666666,98.355,-11.333333333333336,-1.893333333333345
Q92917,12.0,29.5,97.3725,98.7575,-17.5,-1.384999999999991
Q92945,18.5,15.5,98.3075,99.615,3.0,-1.3074999999999903
Q93052,12.6,29.6,95.126,97.97999999999999,-17.0,-2.853999999999985
Q96B49,5.0,11.333333333333334,94.38333333333333,98.19333333333333,-6.333333333333334,-3.8100000000000023
Q96B97,10.333333333333334,25.0,95.89333333333333,99.36666666666667,-14.666666666666666,-3.4733333333333434
Q96BD5,17.727272727272727,13.909090909090908,97.93272727272728,98.58909090909091,3.8181818181818183,-0.6563636363636363
Q96CB8,16.571428571428573,12.0,96.75857142857141,96.89,4.571428571428573,-0.13142857142858588
Q96EV2,12.25,20.0,96.535,98.5175,-7.75,-1.9825000000000017
Q96HA1,15.869565217391305,30.217391304347824,98.15608695652175,98.42217391304348,-14.34782608695652,-0.26608695652173253
Q96HC4,17.782608695652176,18.608695652173914,97.68260869565216,97.66391304347826,-0.8260869565217384,0.018695652173903454
Q96I24,27.166666666666668,10.333333333333334,99.12666666666667,96.56166666666667,16.833333333333336,2.5649999999999977
Q96JH7,2.25,38.5,93.1375,99.2225,-36.25,-6.084999999999994
Q96JM3,10.6,18.6,96.602,97.308,-8.000000000000002,-0.7060000000000031
Q96K21,24.333333333333332,23.666666666666668,98.24333333333334,98.14333333333333,0.6666666666666643,0.10000000000000853
Q96KM6,12.416666666666666,22.166666666666668,96.84500000000001,97.66416666666667,-9.750000000000002,-0.8191666666666606
Q96KR1,22.974358974358974,24.53846153846154,97.35230769230769,97.66589743589745,-1.5641025641025657,-0.313589743589759
Q96L91,14.974358974358974,16.102564102564102,97.66820512820513,97.81589743589744,-1.1282051282051277,-0.14769230769231
Q96M27,12.25,15.0,97.17375,98.129375,-2.75,-0.9556249999999977
Q96MY1,10.5,12.25,96.095,95.7375,-1.75,0.3575000000000017
Q96PK6,33.0,30.8,98.128,99.056,2.1999999999999993,-0.9279999999999973
Q96QT6,4.0,5.666666666666667,96.54,95.20666666666666,-1.666666666666667,1.3333333333333428
Q96RN5,7.666666666666667,17.333333333333332,94.15833333333332,98.69,-9.666666666666664,-4.5316666666666805
Q96ST3,19.0,28.25,97.3575,97.2475,-9.25,0.10999999999999943
Q96T58,14.027777777777779,15.722222222222221,97.16027777777778,97.51583333333333,-1.6944444444444429,-0.3555555555555543
Q99504,16.666666666666668,63.0,99.08,98.90666666666665,-46.33333333333333,0.17333333333334622
Q99700,6.888888888888889,15.222222222222221,92.45333333333333,97.27,-8.333333333333332,-4.816666666666663
Q9BS26,14.333333333333334,30.666666666666668,97.48333333333333,98.94,-16.333333333333336,-1.4566666666666634
Q9BTA9,12.818181818181818,17.09090909090909,96.41999999999999,96.96181818181817,-4.272727272727272,-0.5418181818181864
Q9BTC0,17.217391304347824,13.608695652173912,98.19391304347826,97.3404347826087,3.608695652173912,0.853478260869565
Q9BUJ2,12.2,9.4,95.144,96.29,2.799999999999999,-1.1460000000000008
Q9BVL2,13.133333333333333,20.7,95.95966666666666,98.53533333333333,-7.566666666666666,-2.575666666666663
Q9BWF3,24.571428571428573,24.714285714285715,98.84,98.79142857142857,-0.14285714285714235,0.04857142857143515
Q9BYJ9,15.692307692307692,19.46153846153846,97.8623076923077,98.97538461538463,-3.7692307692307683,-1.1130769230769317
Q9C0A6,19.11111111111111,8.444444444444445,97.43333333333334,97.51111111111112,10.666666666666666,-0.07777777777778283
Q9C0C7,22.833333333333332,17.166666666666668,98.42333333333333,96.825,5.666666666666664,1.5983333333333292
Q9H0E3,18.235294117647058,16.058823529411764,97.64117647058823,97.30235294117648,2.1764705882352935,0.338823529411755
Q9H0E9,12.571428571428571,19.428571428571427,98.04285714285713,98.44285714285715,-6.857142857142856,-0.4000000000000199
Q9H1B7,20.4,21.2,98.272,98.726,-0.8000000000000007,-0.4539999999999935
Q9H1D0,12.333333333333334,46.666666666666664,98.34333333333332,99.42333333333333,-34.33333333333333,-1.0800000000000125
Q9H2F5,13.0,37.0,97.39999999999999,99.56666666666666,-24.0,-2.1666666666666714
Q9H2P0,16.0,37.333333333333336,97.87,98.14,-21.333333333333336,-0.269999999999996
Q9H334,18.666666666666668,18.333333333333332,97.69,98.25,0.3333333333333357,-0.5600000000000023
Q9H4A3,10.9,9.4,96.829,96.998,1.5,-0.16900000000001114
Q9H4G0,22.0,21.857142857142858,97.72571428571429,98.78571428571429,0.14285714285714235,-1.0600000000000023
Q9H4I2,16.88888888888889,23.88888888888889,97.02555555555556,97.21333333333332,-7.0,-0.18777777777776805
Q9H792,13.714285714285714,9.0,95.17142857142858,95.13285714285713,4.7142857142857135,0.038571428571444244
Q9H8V3,25.333333333333332,22.666666666666668,96.75333333333333,98.55,2.6666666666666643,-1.7966666666666669
Q9H8Y8,14.5,7.0,97.39,97.4725,7.5,-0.08249999999999602
Q9HAP2,16.25,21.25,97.9225,98.9,-5.0,-0.9775000000000063
Q9HB21,28.25,23.75,98.52,97.945,4.5,0.5750000000000028
Q9HBD1,11.375,22.625,96.82625,98.56,-11.25,-1.7337500000000006
Q9HBM6,16.142857142857142,21.714285714285715,96.49000000000001,98.50571428571428,-5.571428571428573,-2.0157142857142674
Q9HC78,13.666666666666666,10.0,93.17999999999999,94.64999999999999,3.666666666666666,-1.4699999999999989
Q9HCD5,11.583333333333334,18.416666666666668,97.12583333333333,97.74,-6.833333333333334,-0.6141666666666623
Q9HCD6,35.0,19.75,99.32499999999999,98.535,15.25,0.789999999999992
Q9HCE3,7.333333333333333,4.0,96.00999999999999,95.32,3.333333333333333,0.6899999999999977
Q9HCK8,16.0,47.75,98.345,99.41,-31.75,-1.0649999999999977
Q9NPG3,9.0,13.38888888888889,96.5311111111111,95.78055555555555,-4.388888888888889,0.7505555555555503
Q9NPG4,37.0,76.66666666666667,98.07666666666667,98.77333333333333,-39.66666666666667,-0.6966666666666583
Q9NPI6,10.4,20.2,97.89200000000001,98.104,-9.799999999999999,-0.21199999999998909
Q9NQX3,10.0,3.6666666666666665,98.77666666666666,96.86333333333334,6.333333333333334,1.9133333333333127
Q9NR12,35.0,23.5,99.475,98.2675,11.5,1.207499999999996
Q9NSC7,66.66666666666667,28.333333333333332,99.37333333333333,99.27333333333333,38.33333333333334,0.10000000000000853
Q9NTZ6,14.642857142857142,15.285714285714286,97.77,96.8,-0.6428571428571441,0.9699999999999989
Q9NUW8,21.6,14.8,97.924,98.02000000000001,6.800000000000001,-0.09600000000000364
Q9NXV6,10.823529411764707,11.647058823529411,95.83588235294118,95.94470588235293,-0.8235294117647047,-0.108823529411751
Q9NYF8,26.333333333333332,61.666666666666664,97.90666666666668,99.73,-35.33333333333333,-1.8233333333333235
Q9NYJ8,23.6,10.6,97.408,96.292,13.000000000000002,1.1159999999999997
Q9NYV4,18.384615384615383,46.92307692307692,97.79923076923076,99.39692307692309,-28.538461538461537,-1.597692307692327
Q9NZN8,27.444444444444443,21.77777777777778,97.81777777777778,98.12777777777778,5.666666666666664,-0.3100000000000023
Q9P2N5,14.625,36.625,96.564375,98.27,-22.0,-1.7056249999999977
Q9P2N6,16.956521739130434,16.73913043478261,96.92391304347827,97.45913043478261,0.2173913043478244,-0.535217391304343
Q9P2R6,95.25,49.75,99.7875,99.275,45.5,0.5124999999999886
Q9UGU0,9.23076923076923,20.46153846153846,93.41153846153846,97.86538461538461,-11.23076923076923,-4.453846153846158
Q9UH99,12.0,25.8,94.42,98.202,-13.8,-3.7819999999999965
Q9UHB7,15.0,39.0,96.89333333333333,98.70666666666666,-24.0,-1.8133333333333326
Q9UHD9,19.375,18.125,98.19,98.18875,1.25,0.0012499999999988631
Q9UHR5,19.333333333333332,28.22222222222222,97.29666666666667,97.225,-8.88888888888889,0.07166666666667254
Q9UHY1,7.666666666666667,48.666666666666664,95.57666666666667,97.98,-41.0,-2.403333333333336
Q9UIF8,14.6,7.6,95.78399999999999,93.78,7.0,2.0039999999999907
Q9UIU6,11.2,12.6,96.987,97.913,-1.4000000000000004,-0.9260000000000019
Q9UK61,0.6666666666666666,19.333333333333332,91.33666666666666,98.17666666666666,-18.666666666666664,-6.840000000000003
Q9UKD1,18.5,13.0,98.065,95.6075,5.5,2.457499999999996
Q9UKY1,8.23076923076923,15.846153846153847,95.59384615384616,97.60923076923078,-7.615384615384617,-2.015384615384619
Q9ULH7,4.666666666666667,11.0,96.02666666666666,98.78333333333335,-6.333333333333333,-2.756666666666689
Q9ULM3,11.866666666666667,28.266666666666666,96.67266666666667,97.92533333333333,-16.4,-1.2526666666666557
Q9ULT8,12.9,19.6,98.066,96.941,-6.700000000000001,1.125
Q9ULU4,13.4,30.3,96.225,97.63,-16.9,-1.4050000000000011
Q9UM82,44.666666666666664,26.333333333333332,99.67333333333333,98.48666666666666,18.333333333333332,1.1866666666666674
Q9UMS4,8.0,6.333333333333333,98.46333333333332,96.74333333333334,1.666666666666667,1.7199999999999847
Q9UPA5,21.285714285714285,25.5,98.26071428571429,98.62142857142858,-4.214285714285715,-0.36071428571429465
Q9UPN6,10.285714285714286,34.857142857142854,96.67999999999999,97.48714285714286,-24.57142857142857,-0.807142857142864
Q9UPN9,21.0,20.5,97.8125,97.6525,0.5,0.1599999999999966
Q9UPQ0,23.333333333333332,7.333333333333333,98.02666666666666,96.10000000000001,16.0,1.926666666666648
Q9UPZ3,42.666666666666664,22.333333333333332,99.08333333333333,99.21999999999998,20.333333333333332,-0.13666666666665606
Q9UQ35,41.0,61.4,98.734,98.40866666666668,-20.4,0.3253333333333188
Q9UQR0,13.25,32.25,98.89750000000001,98.2375,-19.0,0.6600000000000108
Q9Y2W1,13.666666666666666,78.0,97.35000000000001,98.83333333333333,-64.33333333333333,-1.48333333333332
Q9Y2X9,33.333333333333336,32.55555555555556,98.30666666666667,97.97888888888889,0.7777777777777786,0.32777777777778283
Q9Y467,10.0,5.6,93.03200000000001,93.926,4.4,-0.8939999999999912
Q9Y4B4,4.333333333333333,20.0,94.86,98.0,-15.666666666666668,-3.1400000000000006
Q9Y520,15.694444444444445,18.805555555555557,97.32555555555555,97.98416666666667,-3.1111111111111125,-0.6586111111111137
Q9Y580,26.25,15.5,96.9825,97.7525,10.75,-0.769999999999996
Q9Y5M8,16.333333333333332,5.333333333333333,98.02666666666666,96.81666666666666,11.0,1.2099999999999937
Q9Y618,28.25,29.8125,97.961875,97.298125,-1.5625,0.6637500000000074
Q9Y678,11.0,19.333333333333332,96.44333333333334,99.29333333333334,-8.333333333333332,-2.8499999999999943
Q9Y692,27.666666666666668,1.6666666666666667,95.25333333333333,91.93666666666667,26.0,3.316666666666663
Q9Y6Q9,20.333333333333332,13.0,97.21499999999999,97.92166666666667,7.333333333333332,-0.7066666666666777
Q9Y6Y8,13.857142857142858,17.428571428571427,97.34619047619047,97.55428571428571,-3.5714285714285694,-0.20809523809523967
