accession,gene,has_region,is_fg_nup,is_fg_nup_complex,length,disorder_fraction,st_fraction,n_sites
A0AVK6,E2F8,True,False,False,867,0.49480968858131485,0.1787773933102653,6
A3KN83,SBNO1,True,False,False,1393,0.31299353912419237,0.14501076812634603,14
A5YKK6,CNOT1,True,False,False,2376,0.09427609427609428,0.11616161616161616,16
A6NF01,POM121B,True,False,False,834,0.7110311750599521,0.29136690647482016,10
A6NKT7,RGPD3,False,False,False,1758,0.19965870307167236,0.14789533560864618,4
A8CG34,POM121C,True,False,True,1229,0.7379983726606998,0.25874694873881204,48
B1AJZ9,FHAD1,False,False,False,1412,0.4454674220963173,0.11756373937677053,4
O00151,PDLIM1,True,False,False,329,0.44984802431610943,0.1458966565349544,7
O00268,TAF4,True,False,False,1085,0.7576036866359447,0.13732718894009216,21
O00469,PLOD2,False,False,False,737,0.0,0.08548168249660787,3
O00566,MPHOSPH10,True,False,False,681,0.2898089171974522,0.11160058737151249,3
O00571,DDX3X,False,False,False,662,0.24773413897280966,0.14954682779456194,3
O00712,NFIB,True,False,False,420,0.5,0.16666666666666666,6
O14497,ARID1A,True,False,False,2285,0.7763676148796499,0.1536105032822757,21
O14519,CDK2AP1,True,False,False,115,0.34782608695652173,0.17391304347826086,6
O14639,ABLIM1,True,False,False,778,0.41259640102827766,0.14395886889460155,9
O14964,HGS,True,False,False,777,0.5482625482625483,0.1274131274131274,7
O14974,PPP1R12A,True,False,False,1030,0.6873786407766991,0.20388349514563106,46
O15014,ZNF609,True,False,False,1411,0.8504606661941885,0.19064493267186391,9
O15027,SEC16A,True,False,False,2357,0.7331353415358507,0.15103945693678406,17
O15047,SETD1A,True,False,False,1707,0.6971294669009959,0.17340363210310486,15
O15055,PER2,False,False,False,1255,0.4820717131474104,0.17768924302788844,10
O15085,ARHGEF11,False,False,False,1522,0.5749014454664915,0.14586070959264127,3
O15119,TBX3,False,False,False,743,0.2898089171974522,0.1655450874831763,3
O15164,TRIM24,True,False,False,1050,0.4180952380952381,0.1457142857142857,7
O15178,TBXT,True,False,False,435,0.3563218390804598,0.17011494252873563,4
O15231,ZNF185,False,False,False,689,0.7895500725689405,0.193033381712627,4
O15417,TNRC18,False,False,False,2968,0.7611185983827493,0.14521563342318058,3
O15460,P4HA2,True,False,False,535,0.024299065420560748,0.11214953271028037,3
O15511,ARPC5,True,False,False,151,0.2119205298013245,0.11920529801324503,4
O15550,KDM6A,True,False,False,1401,0.3882940756602427,0.16059957173447537,8
O43151,TET3,False,False,False,1795,0.5392757660167131,0.1426183844011142,10
O43159,RRP8,False,False,False,456,0.5350877192982456,0.11842105263157894,3
O43175,PHGDH,False,False,False,533,0.01125703564727955,0.12570356472795496,3
O43242,PSMD3,False,False,False,534,0.2303370786516854,0.10674157303370786,3
O43312,MTSS1,True,False,False,755,0.6423841059602649,0.19735099337748344,4
O43379,WDR62,True,False,False,1518,0.2898089171974522,0.1613965744400527,5
O43395,PRPF3,True,False,False,683,0.4992679355783309,0.11273792093704246,7
O43399,TPD52L2,False,False,False,206,0.5145631067961165,0.18932038834951456,7
O43432,EIF4G3,True,False,False,1585,0.5425867507886435,0.14321766561514196,12
O43491,EPB41L2,False,False,False,1005,0.5890547263681593,0.14925373134328357,5
O43524,FOXO3,False,False,False,673,0.7800891530460624,0.21693907875185736,10
O43615,TIMM44,True,False,False,452,0.18141592920353983,0.11283185840707964,4
O43670,ZNF207,True,False,False,478,0.8598326359832636,0.12761506276150628,26
O43707,ACTN4,False,False,False,911,0.06695938529088913,0.09659714599341383,3
O43823,AKAP8,True,False,False,692,0.6632947976878613,0.11416184971098266,4
O60293,ZFC3H1,False,False,False,1989,0.4193061840120664,0.14630467571644043,4
O60296,TRAK2,False,False,False,914,0.28665207877461707,0.18161925601750548,5
O60318,MCM3AP,True,False,False,1980,0.22626262626262628,0.15454545454545454,15
O60488,ACSL4,True,False,False,711,0.029535864978902954,0.11392405063291139,3
O60502,OGA,False,False,False,916,0.212882096069869,0.12336244541484716,3
O60610,DIAPH1,True,False,False,1272,0.37971698113207547,0.10534591194968554,4
O60641,SNAP91,False,False,False,907,0.6284454244762955,0.19294377067254687,3
O60664,PLIN3,True,False,False,434,0.17511520737327188,0.16820276497695852,11
O60675,MAFK,True,False,False,156,0.40384615384615385,0.1794871794871795,10
O60841,EIF5B,True,False,False,1220,0.5409836065573771,0.09836065573770492,4
O60885,BRD4,True,False,False,1362,0.8472834067547724,0.12408223201174744,8
O75030,MITF,True,False,False,526,0.564638783269962,0.1596958174904943,4
O75044,SRGAP2,False,False,False,1071,0.3510737628384687,0.1549953314659197,5
O75113,N4BP1,False,False,False,896,0.33482142857142855,0.13950892857142858,5
O75116,ROCK2,True,False,False,1388,0.34942363112391933,0.10302593659942363,6
O75152,ZC3H11A,False,False,False,810,0.7246913580246913,0.17530864197530865,7
O75157,TSC22D2,True,False,False,780,0.8064102564102564,0.18717948717948718,10
O75170,PPP6R2,True,False,False,966,0.34679089026915116,0.13664596273291926,7
O75179,ANKRD17,True,False,False,2603,0.5416826738378794,0.17595082597003459,58
O75362,ZNF217,False,False,False,1048,0.5658396946564885,0.15839694656488548,5
O75369,FLNB,False,False,False,2602,0.16102997694081475,0.13297463489623368,4
O75376,NCOR1,True,False,False,2440,0.875,0.17254098360655737,75
O75694,NUP155,False,False,True,1391,0.04529115744069015,0.1286843997124371,4
O75717,WDHD1,True,False,False,1129,0.33215234720992026,0.14968999114260406,10
O75718,CRTAP,False,False,False,401,0.0,0.07481296758104738,3
O75821,EIF3G,False,False,False,320,0.578125,0.146875,5
O75882,ATRN,False,False,False,1429,0.013995801259622114,0.13925822253324002,4
O75909,CCNK,True,False,False,580,0.5810344827586207,0.10172413793103448,4
O75923,DYSF,False,False,False,2080,0.08990384615384615,0.10625,3
O76070,SNCG,True,False,False,127,0.6771653543307087,0.15748031496062992,8
O94763,URI1,False,False,False,535,0.5588785046728972,0.14766355140186915,3
O94811,TPPP,True,False,False,219,0.3972602739726027,0.1461187214611872,4
O94842,TOX4,True,False,False,621,0.6924315619967794,0.178743961352657,15
O94855,SEC24D,False,False,False,1032,0.28972868217054265,0.12209302325581395,7
O94905,ERLIN2,False,False,False,339,0.02064896755162242,0.11209439528023599,3
O94913,PCF11,True,False,False,1555,0.727331189710611,0.1337620578778135,6
O94979,SEC31A,False,False,False,1220,0.32704918032786884,0.14426229508196722,16
O95081,AGFG2,True,False,False,481,0.6382536382536382,0.18503118503118504,11
O95232,LUC7L3,False,False,False,432,0.6064814814814815,0.14814814814814814,3
O95251,KAT7,False,False,False,611,0.2898089171974522,0.1685761047463175,2
O95292,VAPB,True,False,False,243,0.22633744855967078,0.1440329218106996,5
O95425,SVIL,True,False,False,2214,0.5388437217705511,0.15447154471544716,6
O95486,SEC24A,True,False,False,1093,0.3421774931381519,0.16651418115279049,11
O95487,SEC24B,True,False,False,1268,0.35252365930599366,0.1837539432176656,35
O95628,CNOT4,True,False,False,575,0.5060869565217392,0.17565217391304347,14
O95677,EYA4,False,False,False,639,0.36306729264475746,0.2222222222222222,7
O95789,ZMYM6,False,False,False,1325,0.06943396226415094,0.17056603773584905,6
O95817,BAG3,True,False,False,575,0.9391304347826087,0.1443478260869565,10
O95835,LATS1,True,False,False,1130,0.6407079646017699,0.14601769911504425,5
O95865,DDAH2,False,False,False,285,0.06315789473684211,0.12280701754385964,4
O96028,NSD2,False,False,False,1365,0.315018315018315,0.13553113553113552,3
P00533,EGFR,False,False,False,1210,0.11074380165289256,0.12231404958677686,7
P00966,ASS1,True,False,False,412,0.2898089171974522,0.10194174757281553,3
P01100,FOS,False,False,False,380,0.5078947368421053,0.20789473684210527,3
P01215,CGA,False,False,False,116,0.0,0.16379310344827586,2
P02545,LMNA,True,False,False,664,0.5120481927710844,0.15813253012048192,27
P02786,TFRC,False,False,False,760,0.046052631578947366,0.13157894736842105,5
P04150,NR3C1,True,False,False,777,0.31917631917631917,0.17245817245817247,7
P04792,HSPB1,True,False,False,205,0.37073170731707317,0.17073170731707318,7
P04843,RPN1,False,False,False,607,0.042833607907743,0.13344316309719934,5
P04899,GNAI2,False,False,False,355,0.02535211267605634,0.12112676056338029,4
P05067,APP,False,False,False,770,0.35974025974025975,0.11038961038961038,6
P05198,EIF2S1,False,False,False,315,0.13968253968253969,0.09841269841269841,3
P05387,RPLP2,False,False,False,115,0.2956521739130435,0.10434782608695652,4
P05388,RPLP0,False,False,False,317,0.056782334384858045,0.1167192429022082,4
P05412,JUN,False,False,False,331,0.6374622356495468,0.14803625377643503,3
P05549,TFAP2A,False,False,False,437,0.4988558352402746,0.13501144164759726,3
P05556,ITGB1,True,False,False,798,0.05012531328320802,0.12907268170426064,7
P05783,KRT18,True,False,False,430,0.10232558139534884,0.1558139534883721,12
P05787,KRT8,True,False,False,483,0.09523809523809523,0.16977225672877846,23
P06401,PGR,True,False,False,933,0.43193997856377275,0.13183279742765272,11
P06748,NPM1,True,False,False,294,0.5782312925170068,0.12244897959183673,5
P07196,NEFL,True,False,False,543,0.283609576427256,0.14548802946593,12
P07197,NEFM,True,False,False,916,0.6451965065502183,0.1408296943231441,5
P07339,CTSD,True,False,False,412,0.0048543689320388345,0.1407766990291262,3
P07437,TUBB,False,False,False,444,0.08108108108108109,0.12837837837837837,9
P07602,PSAP,False,False,False,524,0.02099236641221374,0.10305343511450382,8
P07814,EPRS1,False,False,False,1512,0.1527777777777778,0.11375661375661375,6
P07910,HNRNPC,False,False,False,306,0.6535947712418301,0.13398692810457516,2
P08047,SP1,True,False,False,785,0.5159235668789809,0.2089171974522293,14
P08235,NR3C2,True,False,False,984,0.3231707317073171,0.20121951219512196,4
P08240,SRPRA,False,False,False,638,0.29310344827586204,0.13322884012539185,3
P08651,NFIC,True,False,False,508,0.5492125984251969,0.17913385826771652,9
P08670,VIM,True,False,False,466,0.2167381974248927,0.1459227467811159,25
P08727,KRT19,False,False,False,400,0.1025,0.15,4
P09651,HNRNPA1,True,False,False,372,0.5564516129032258,0.14516129032258066,6
P0C7T5,ATXN1L,True,False,False,689,0.532656023222061,0.1683599419448476,12
P0CG12,DERPC,False,False,False,524,0.9847328244274809,0.13740458015267176,4
P0CG13,CHTF8,True,False,False,121,0.024793388429752067,0.10743801652892562,3
P0DN25,C1GALT1C1L,True,False,False,315,0.2898089171974522,0.11746031746031746,3
P10070,GLI2,True,False,False,1586,0.7105926860025221,0.16960907944514503,3
P10253,GAA,False,False,False,952,0.08298319327731092,0.13550420168067226,4
P10809,HSPD1,False,False,False,573,0.05410122164048865,0.10296684118673648,4
P11021,HSPA5,False,False,False,654,0.20030581039755352,0.11773700305810397,3
P11047,LAMC1,False,False,False,1609,0.22374145431945308,0.12181479179614667,5
P11117,ACP2,True,False,False,423,0.07565011820330969,0.11347517730496454,5
P11171,EPB41,False,False,False,864,0.6111111111111112,0.1550925925925926,3
P11279,LAMP1,True,False,False,417,0.1079136690647482,0.17985611510791366,8
P11388,TOP2A,False,False,False,1531,0.27106466361855,0.1280209013716525,8
P11717,IGF2R,True,False,False,2491,0.06985146527498996,0.15897230028101164,6
P11940,PABPC1,True,False,False,636,0.3238993710691824,0.10849056603773585,5
P12036,NEFH,False,False,False,1020,0.716374269005848,0.11960784313725491,7
P12270,TPR,True,False,True,2363,0.6242065171392298,0.15404147270418958,21
P12757,SKIL,True,False,False,684,0.30409356725146197,0.15350877192982457,3
P13056,NR2C1,False,False,False,603,0.0779436152570481,0.16417910447761194,2
P13473,LAMP2,False,False,False,410,0.06341463414634146,0.18048780487804877,3
P13667,PDIA4,False,False,False,645,0.08372093023255814,0.09147286821705426,5
P13796,LCP1,True,False,False,627,0.022328548644338118,0.08931419457735247,4
P14174,MIF,False,False,False,115,0.0,0.12173913043478261,2
P14618,PKM,False,False,False,531,0.032015065913371,0.10734463276836158,5
P14625,HSP90B1,False,False,False,803,0.18929016189290163,0.1295143212951432,4
P14859,POU2F1,True,False,False,743,0.3997308209959623,0.24360699865410498,10
P15291,B4GALT1,False,False,False,398,0.19597989949748743,0.11557788944723618,4
P15328,FOLR1,True,False,False,257,0.2898089171974522,0.10894941634241245,4
P15336,ATF2,True,False,False,505,0.7683168316831683,0.20594059405940593,11
P15408,FOSL2,False,False,False,326,0.8251533742331288,0.19325153374233128,4
P15586,GNS,True,False,False,552,0.0018115942028985507,0.13043478260869565,5
P15822,HIVEP1,True,False,False,2718,0.6740250183958794,0.19904341427520236,56
P15880,RPS2,False,False,False,293,0.20136518771331058,0.11945392491467577,3
P15923,TCF3,False,False,False,654,0.9021406727828746,0.18654434250764526,4
P16157,ANK1,False,False,False,1881,0.2743221690590112,0.1318447634237108,4
P16671,CD36,False,False,False,472,0.006355932203389831,0.1228813559322034,3
P17030,ZNF25,False,False,False,456,0.08333333333333333,0.13815789473684212,3
P17275,JUNB,True,False,False,347,0.6685878962536023,0.14697406340057637,22
P17535,JUND,True,False,False,347,0.5936599423631124,0.12968299711815562,3
P17544,ATF7,False,False,False,483,0.8036437246963563,0.18219461697722567,8
P17844,DDX5,False,False,False,614,0.22312703583061888,0.11074918566775244,4
P17931,LGALS3,False,False,False,250,0.2898089171974522,0.084,4
P18031,PTPN1,False,False,False,435,0.2898089171974522,0.11724137931034483,3
P18146,EGR1,True,False,False,543,0.7219152854511971,0.2559852670349908,9
P18583,SON,True,False,False,2426,0.6970321516900247,0.21063478977741137,15
P18846,ATF1,True,False,False,271,0.7121771217712177,0.23985239852398524,11
P19338,NCL,False,False,False,710,0.6830985915492958,0.10422535211267606,4
P20618,PSMB1,False,False,False,241,0.0,0.14107883817427386,2
P20823,HNF1A,True,False,False,631,0.6798732171156894,0.196513470681458,14
P21333,FLNA,False,False,False,2647,0.26369474877219495,0.1360030222893842,6
P22314,UBA1,False,False,False,1058,0.07183364839319471,0.11247637051039698,5
P22626,HNRNPA2B1,False,False,False,353,0.5297450424929179,0.1048158640226629,2
P22670,RFX1,False,False,False,979,0.4330949948927477,0.15832482124616956,4
P22681,CBL,True,False,False,906,0.5077262693156733,0.1534216335540839,11
P23246,SFPQ,True,False,False,707,0.7666195190947667,0.08486562942008487,5
P23511,NFYA,False,False,False,347,0.2824207492795389,0.12968299711815562,4
P23528,CFL1,False,False,False,166,0.0,0.1144578313253012,4
P23588,EIF4B,True,False,False,611,0.88379705400982,0.15711947626841244,10
P23769,GATA2,False,False,False,480,0.6270833333333333,0.16666666666666666,4
P25054,APC,False,False,False,2843,0.7478016180091452,0.21209989447766445,4
P25440,BRD2,False,False,False,801,0.6566791510611736,0.15355805243445692,5
P26599,PTBP1,False,False,False,557,0.12617702448210924,0.1310592459605027,6
P26640,VARS1,False,False,False,1264,0.10759493670886076,0.09651898734177215,4
P27348,YWHAQ,False,False,False,245,0.04081632653061224,0.1306122448979592,5
P27540,ARNT,True,False,False,789,0.5792141951837769,0.18124207858048164,14
P27816,MAP4,True,False,False,1152,0.9045138888888888,0.18663194444444445,25
P28066,PSMA5,False,False,False,241,0.0,0.14522821576763487,3
P28347,TEAD1,True,False,False,426,0.24178403755868544,0.12910798122065728,4
P28356,HOXD9,True,False,False,352,0.6420454545454546,0.17045454545454544,4
P29372,MPG,True,False,False,298,0.31543624161073824,0.10738255033557047,5
P30260,CDC27,False,False,False,824,0.29975728155339804,0.1650485436893204,4
P30533,LRPAP1,True,False,False,357,0.21008403361344538,0.09803921568627451,4
P30622,CLIP1,True,False,False,1438,0.5563282336578581,0.1474269819193324,11
P31153,MAT2A,False,False,False,395,0.017721518987341773,0.09873417721518987,4
P31270,HOXA11,True,False,False,313,0.3738019169329074,0.18210862619808307,9
P31274,HOXC9,False,False,False,260,0.3153846153846154,0.13846153846153847,5
P31629,HIVEP2,True,False,False,2446,0.6811120196238757,0.1856091578086672,31
P31749,AKT1,False,False,False,480,0.15833333333333333,0.11041666666666666,5
P31943,HNRNPH1,False,False,False,449,0.155902004454343,0.11804008908685969,3
P32243,OTX2,True,False,False,289,0.35294117647058826,0.23183391003460208,3
P32322,PYCR1,False,False,False,319,0.12852664576802508,0.13479623824451412,3
P32519,ELF1,True,False,False,619,0.5815831987075929,0.1825525040387722,7
P33076,CIITA,True,False,False,1130,0.14513274336283186,0.12920353982300886,5
P33993,MCM7,False,False,False,719,0.054242002781641166,0.1070931849791377,3
P34932,HSPA4,False,False,False,840,0.2761904761904762,0.12261904761904761,3
P35030,PRSS3,False,False,False,304,0.02631578947368421,0.10855263157894737,4
P35527,KRT9,False,False,False,623,0.2898089171974522,0.16853932584269662,3
P35611,ADD1,True,False,False,737,0.5183175033921302,0.13704206241519673,6
P35613,BSG,True,False,False,385,0.2077922077922078,0.14285714285714285,4
P35658,NUP214,True,True,True,2090,0.5076555023923445,0.2535885167464115,212
P36507,MAP2K2,True,False,False,400,0.1475,0.0975,5
P37198,NUP62,True,True,True,522,0.37547892720306514,0.25862068965517243,97
P37802,TAGLN2,False,False,False,199,0.19597989949748743,0.08542713567839195,4
P38606,ATP6V1A,True,False,False,617,0.0,0.13452188006482982,5
P39880,CUX1,True,False,False,1505,0.7249169435215946,0.16411960132890366,8
P40222,TXLNA,False,False,False,546,0.7344322344322345,0.11538461538461539,3
P40425,PBX2,True,False,False,430,0.5627906976744186,0.1511627906976744,4
P40763,STAT3,True,False,False,770,0.09610389610389611,0.12727272727272726,6
P41236,PPP1R2,True,False,False,205,0.8975609756097561,0.16097560975609757,5
P41594,GRM5,False,False,False,1212,0.21947194719471946,0.1551155115511551,3
P41970,ELK3,False,False,False,407,0.23095823095823095,0.20147420147420148,3
P42166,TMPO,True,False,False,694,0.4755043227665706,0.1786743515850144,6
P42167,TMPO,False,False,False,454,0.2898089171974522,0.1696035242290749,5
P42694,HELZ,False,False,False,1942,0.37950566426364574,0.13594232749742532,5
P42702,LIFR,False,False,False,1097,0.16043755697356427,0.1577028258887876,2
P42785,PRCP,False,False,False,496,0.0,0.1350806451612903,5
P42858,HTT,False,False,False,3142,0.1651814131126671,0.1514958625079567,5
P43155,CRAT,True,False,False,626,0.011182108626198083,0.12300319488817892,3
P43243,MATR3,True,False,False,847,0.5785123966942148,0.1334120425029516,10
P43307,SSR1,False,False,False,286,0.2692307692307692,0.1048951048951049,2
P43308,SSR2,True,False,False,183,0.0273224043715847,0.14754098360655737,6
P43694,GATA4,False,False,False,442,0.502262443438914,0.18778280542986425,3
P46013,MKI67,True,False,False,3256,0.9066339066339066,0.17997542997542998,19
P46087,NOP2,False,False,False,812,0.5775862068965517,0.13177339901477833,4
P46100,ATRX,True,False,False,2492,0.5774478330658106,0.16211878009630817,18
P46977,STT3A,True,False,False,705,0.00425531914893617,0.14184397163120568,4
P47985,UQCRFS1,True,False,False,274,0.01824817518248175,0.145985401459854,3
P48382,RFX5,False,False,False,616,0.6753246753246753,0.12824675324675325,3
P48431,SOX2,True,False,False,317,0.7444794952681388,0.15772870662460567,7
P48634,PRRC2A,True,False,False,2157,0.9638386648122392,0.14000927213722764,8
P49023,PXN,False,False,False,591,0.5583756345177665,0.14890016920473773,4
P49247,RPIA,False,False,False,311,0.2572347266881029,0.10610932475884244,2
P49257,LMAN1,False,False,False,510,0.21764705882352942,0.09803921568627451,5
P49321,NASP,True,False,False,788,0.7157360406091371,0.12690355329949238,14
P49336,CDK8,True,False,False,464,0.27155172413793105,0.10991379310344827,9
P49407,ARRB1,False,False,False,418,0.2898089171974522,0.10526315789473684,7
P49748,ACADVL,False,False,False,655,0.08702290076335878,0.11450381679389313,3
P49750,YLPM1,True,False,False,2146,0.8122087604846225,0.12488350419384903,16
P49756,RBM25,True,False,False,843,0.5195729537366548,0.08066429418742586,5
P49759,CLK1,False,False,False,484,0.20867768595041322,0.13636363636363635,2
P49790,NUP153,True,True,True,1475,0.5132203389830509,0.2711864406779661,141
P49792,RANBP2,True,True,True,3224,0.2633374689826303,0.1606699751861042,55
P49840,GSK3A,False,False,False,483,0.30434782608695654,0.16149068322981366,3
P49848,TAF6,True,False,False,677,0.38995568685376664,0.15805022156573117,16
P49916,LIG3,True,False,False,1009,0.17641228939544104,0.12685827552031714,5
P49959,MRE11,False,False,False,708,0.3290960451977401,0.1426553672316384,3
P50402,EMD,True,False,False,254,0.31496062992125984,0.20866141732283464,9
P50416,CPT1A,False,False,False,773,0.040103492884864166,0.13065976714100905,3
P50539,MXI1,False,False,False,228,0.6403508771929824,0.19298245614035087,2
P51003,PAPOLA,False,False,False,745,0.3691275167785235,0.17181208053691274,6
P51532,SMARCA4,False,False,False,1647,0.5500910746812386,0.11050394656952034,5
P51608,MECP2,False,False,False,486,0.9423868312757202,0.15843621399176955,7
P51610,HCFC1,True,False,False,2035,0.5076167076167076,0.22063882063882065,174
P51659,HSD17B4,False,False,False,736,0.019021739130434784,0.11548913043478261,4
P51812,RPS6KA3,False,False,False,740,0.07837837837837838,0.11621621621621622,3
P51826,AFF3,True,False,False,1226,0.7716150081566069,0.19575856443719414,5
P51991,HNRNPA3,True,False,False,378,0.4444444444444444,0.09788359788359788,4
P52594,AGFG1,True,False,False,562,0.3807829181494662,0.22597864768683273,18
P52597,HNRNPF,False,False,False,415,0.03132530120481928,0.13493975903614458,3
P52655,GTF2A1,False,False,False,376,0.43882978723404253,0.10372340425531915,4
P52824,DGKQ,False,False,False,942,0.2898089171974522,0.10615711252653928,2
P52948,NUP98,True,True,True,1817,0.36268574573472756,0.19097413318657128,102
P53814,SMTN,True,False,False,917,0.7666303162486369,0.1821155943293348,6
P53992,SEC24C,True,False,False,1094,0.3372943327239488,0.13528336380255943,12
P54253,ATXN1,True,False,False,815,0.6098159509202454,0.16809815950920245,9
P54259,ATN1,False,False,False,1190,0.9117647058823529,0.1689075630252101,7
P54578,USP14,False,False,False,494,0.09109311740890688,0.13360323886639677,6
P54727,RAD23B,True,False,False,409,0.6161369193154034,0.17359413202933985,17
P55197,MLLT10,True,False,False,1068,0.6769662921348315,0.2153558052434457,9
P55198,MLLT6,True,False,False,1093,0.6267154620311071,0.19945105215004574,18
P55265,ADAR,True,False,False,1226,0.333605220228385,0.14192495921696574,11
P55317,FOXA1,True,False,False,472,0.4004237288135593,0.1885593220338983,11
P55884,EIF3B,False,False,False,814,0.23464373464373464,0.10565110565110565,3
P56715,RP1,True,False,False,2156,0.34786641929499074,0.1725417439703154,6
P57740,NUP107,True,False,True,925,0.10594594594594595,0.12756756756756757,7
P61769,B2M,True,False,False,119,0.0,0.15126050420168066,3
P61927,RPL37,True,False,False,97,0.6907216494845361,0.1958762886597938,3
P62495,ETF1,False,False,False,437,0.02745995423340961,0.11212814645308924,2
P63119,ERVK-21,False,False,False,156,0.2898089171974522,0.12179487179487179,3
P63261,ACTG1,True,False,False,375,0.018666666666666668,0.136,4
P68104,EEF1A1,False,False,False,462,0.08008658008658008,0.11255411255411256,5
P68363,TUBA1B,False,False,False,451,0.057649667405764965,0.11529933481152993,3
P68400,CSNK2A1,True,False,False,391,0.13554987212276215,0.09718670076726342,5
P68431,H3C1,False,False,False,136,0.3235294117647059,0.11029411764705882,3
P78316,NOP14,False,False,False,857,0.4982497082847141,0.1073512252042007,3
P78347,GTF2I,False,False,False,998,0.2845691382765531,0.12324649298597194,4
P78362,SRPK2,False,False,False,688,0.45348837209302323,0.11482558139534883,4
P78364,PHC1,True,False,False,1004,0.7051792828685259,0.17231075697211157,10
P78406,RAE1,True,False,False,368,0.08423913043478261,0.15760869565217392,7
P78536,ADAM17,False,False,False,824,0.14684466019417475,0.12742718446601942,3
P78559,MAP1A,True,False,False,2803,0.8480199785943632,0.14983945772386728,3
P82979,SARNP,True,False,False,210,0.7142857142857143,0.12857142857142856,7
P85037,FOXK1,True,False,False,733,0.4201909959072306,0.17189631650750342,30
P98082,DAB2,True,False,False,770,0.7363636363636363,0.16753246753246753,13
P98095,FBLN2,False,False,False,1184,0.2668918918918919,0.1097972972972973,3
P98171,ARHGAP4,True,False,False,946,0.32452431289640593,0.12790697674418605,5
P98175,RBM10,False,False,False,930,0.7021505376344086,0.15161290322580645,4
Q00535,CDK5,True,False,False,292,0.0,0.08904109589041095,4
Q00613,HSF1,False,False,False,529,0.2898089171974522,0.17958412098298676,2
Q00839,HNRNPU,True,False,False,825,0.5490909090909091,0.08121212121212121,6
Q01082,SPTBN1,True,False,False,2364,0.17470389170896786,0.11336717428087986,22
Q01167,FOXK2,True,False,False,660,0.6333333333333333,0.1621212121212121,7
Q01196,RUNX1,True,False,False,453,0.5607064017660044,0.19646799116997793,8
Q01543,FLI1,False,False,False,452,0.4336283185840708,0.16592920353982302,3
Q01664,TFAP4,True,False,False,338,0.6568047337278107,0.13313609467455623,7
Q01804,OTUD4,False,False,False,1114,0.6023339317773788,0.1490125673249551,4
Q01844,EWSR1,False,False,False,656,0.9070121951219512,0.15701219512195122,13
Q01860,POU5F1,False,False,False,360,0.425,0.11388888888888889,5
Q02078,MEF2A,False,False,False,507,0.8323471400394478,0.1992110453648915,2
Q02086,SP2,False,False,False,613,0.5546492659053833,0.17455138662316477,4
Q02297,NRG1,False,False,False,640,0.6953125,0.20625,2
Q02446,SP4,False,False,False,784,0.46811224489795916,0.21173469387755103,3
Q02447,SP3,False,False,False,781,0.5057618437900128,0.18437900128040974,7
Q02505,MUC3A,True,False,False,3323,0.7267529340956966,0.49593740595847124,21
Q02790,FKBP4,False,False,False,459,0.16122004357298475,0.10021786492374728,3
Q02818,NUCB1,True,False,False,461,0.579175704989154,0.07158351409978309,5
Q03001,DST,False,False,False,7570,0.21003963011889035,0.13857331571994716,8
Q03164,KMT2A,True,False,False,3969,0.7079868984630889,0.20030234315948603,23
Q04206,RELA,False,False,False,551,0.5390199637023594,0.12704174228675136,9
Q04323,UBXN1,False,False,False,297,0.2898089171974522,0.08754208754208755,3
Q04637,EIF4G1,True,False,False,1599,0.5972482801751094,0.1282051282051282,16
Q04695,KRT17,False,False,False,432,0.07175925925925926,0.14583333333333334,4
Q04726,TLE3,True,False,False,772,0.4028497409326425,0.17098445595854922,11
Q04727,TLE4,True,False,False,773,0.35705045278137126,0.16041397153945666,12
Q04864,REL,False,False,False,619,0.38449111470113084,0.1567043618739903,3
Q05209,PTPN12,True,False,False,780,0.5897435897435898,0.16153846153846155,6
Q05519,SRSF11,False,False,False,484,0.6756198347107438,0.19008264462809918,5
Q06546,GABPA,False,False,False,454,0.05286343612334802,0.1211453744493392,4
Q07020,RPL18,True,False,False,188,0.35106382978723405,0.12234042553191489,3
Q07065,CKAP4,False,False,False,602,0.3787375415282392,0.1461794019933555,3
Q07157,TJP1,True,False,False,1748,0.7008009153318078,0.15217391304347827,9
Q07666,KHDRBS1,True,False,False,443,0.7516930022573364,0.10609480812641084,11
Q07912,TNK2,True,False,False,1038,0.45183044315992293,0.11175337186897881,5
Q08495,DMTN,False,False,False,405,0.7382716049382716,0.17777777777777778,3
Q09666,AHNAK,True,False,False,5890,0.7706281833616299,0.07249575551782683,96
Q0JRZ9,FCHO2,False,False,False,810,0.32222222222222224,0.18518518518518517,4
Q10471,GALNT2,False,False,False,571,0.12609457092819615,0.09106830122591944,4
Q10713,PMPCA,False,False,False,525,0.0,0.13333333333333333,3
Q12772,SREBF2,False,False,False,1141,0.19456617002629273,0.16827344434706398,3
Q12778,FOXO1,True,False,False,655,0.7343511450381679,0.2,5
Q12789,GTF3C1,False,False,False,2109,0.24039829302987198,0.12849691797060217,3
Q12815,TROAP,False,False,False,778,0.7326478149100257,0.15938303341902313,5
Q12830,BPTF,True,False,False,3046,0.6057124097176625,0.18220617202889033,80
Q12857,NFIA,True,False,False,509,0.5658153241650294,0.18860510805500982,27
Q12882,DPYD,False,False,False,1025,0.014634146341463415,0.13463414634146342,4
Q12888,TP53BP1,True,False,False,1972,0.7946247464503042,0.1881338742393509,6
Q12906,ILF3,False,False,False,894,0.6420581655480985,0.12527964205816555,3
Q12948,FOXC1,True,False,False,553,0.5605786618444847,0.15732368896925858,6
Q12955,ANK3,True,False,False,4377,0.5236463331048663,0.18551519305460362,24
Q13151,HNRNPA0,False,False,False,305,0.3114754098360656,0.12131147540983607,2
Q13233,MAP3K1,False,False,False,1512,0.4398148148148148,0.17394179894179895,4
Q13243,SRSF5,True,False,False,272,0.6029411764705882,0.19852941176470587,3
Q13283,G3BP1,False,False,False,466,0.5987124463519313,0.08798283261802575,6
Q13310,PABPC4,False,False,False,644,0.265527950310559,0.10093167701863354,5
Q13319,CDK5R2,False,False,False,367,0.5177111716621253,0.10899182561307902,2
Q13330,MTA1,True,False,False,715,0.3146853146853147,0.1258741258741259,4
Q13416,ORC2,False,False,False,577,0.30329289428076256,0.15077989601386482,3
Q13428,TCOF1,False,False,False,1488,0.9630376344086021,0.20295698924731181,9
Q13443,ADAM9,True,False,False,819,0.09768009768009768,0.10744810744810745,5
Q13474,DRP2,True,False,False,957,0.23824451410658307,0.14420062695924765,4
Q13485,SMAD4,True,False,False,552,0.2826086956521739,0.13949275362318841,5
Q13492,PICALM,True,False,False,652,0.27300613496932513,0.18558282208588958,27
Q13495,MAMLD1,True,False,False,774,0.810077519379845,0.20284237726098192,12
Q13506,NAB1,False,False,False,487,0.3264887063655031,0.13963039014373715,3
Q13523,PRP4K,False,False,False,1007,0.2898089171974522,0.14796425024826215,3
Q13546,RIPK1,False,False,False,671,0.3114754098360656,0.12816691505216096,6
Q13554,CAMK2B,True,False,False,666,0.36936936936936937,0.13663663663663664,5
Q13557,CAMK2D,False,False,False,499,0.2898089171974522,0.11623246492985972,3
Q13576,IQGAP2,True,False,False,1575,0.07873015873015873,0.10857142857142857,4
Q13586,STIM1,False,False,False,685,0.41021897810218977,0.1386861313868613,4
Q13613,MTMR1,False,False,False,665,0.1293233082706767,0.13233082706766916,3
Q13620,CUL4B,True,False,False,913,0.13581599123767799,0.1456736035049288,5
Q13625,TP53BP2,False,False,False,1128,0.6578014184397163,0.12145390070921985,6
Q13769,THOC5,False,False,False,683,0.16251830161054173,0.11127379209370425,5
Q13885,TUBB2A,False,False,False,445,0.2898089171974522,0.13258426966292136,6
Q13887,KLF5,False,False,False,457,0.6061269146608315,0.15317286652078774,3
Q13950,RUNX2,False,False,False,521,0.6679462571976967,0.21689059500959693,4
Q13952,NFYC,True,False,False,458,0.5960698689956332,0.1615720524017467,6
Q14004,CDK13,True,False,False,1512,0.6818783068783069,0.17328042328042328,10
Q14114,LRP8,False,False,False,963,0.1277258566978193,0.12668743509865005,4
Q14118,DAG1,False,False,False,895,0.40893854748603353,0.16759776536312848,4
Q14119,VEZF1,True,False,False,521,0.3742802303262956,0.22264875239923224,24
Q14134,TRIM29,False,False,False,588,0.358843537414966,0.14795918367346939,4
Q14145,KEAP1,True,False,False,624,0.022435897435897436,0.11378205128205128,10
Q14157,UBAP2L,True,False,False,1087,0.8859245630174793,0.26034958601655933,91
Q14160,SCRIB,False,False,False,1655,0.5319018404907976,0.11178247734138973,3
Q14161,GIT2,True,False,False,759,0.48484848484848486,0.1725955204216074,5
Q14247,CTTN,True,False,False,550,0.6072727272727273,0.11454545454545455,11
Q14444,CAPRIN1,True,False,False,709,0.7757404795486601,0.14809590973201692,18
Q14584,ZNF266,False,False,False,549,0.058287795992714025,0.1766848816029144,2
Q14667,BLTP2,True,False,False,2235,0.2898089171974522,0.13870246085011187,3
Q14671,PUM1,True,False,False,1186,0.40809443507588533,0.13827993254637436,15
Q14676,MDC1,True,False,False,2089,0.8319770224988032,0.1910004786979416,11
Q14677,CLINT1,True,False,False,625,0.5472,0.192,4
Q14684,RRP1B,True,False,False,758,0.5804749340369393,0.13852242744063326,9
Q14686,NCOA6,True,False,False,2063,0.896752302472128,0.16965584100824044,25
Q14687,GSE1,False,False,False,1217,0.8348397699260477,0.142974527526705,11
Q14814,MEF2D,True,False,False,521,0.783109404990403,0.1708253358925144,13
Q14847,LASP1,False,False,False,261,0.6743295019157088,0.10727969348659004,4
Q14966,ZNF638,True,False,False,1978,0.6329625884732053,0.16683518705763398,9
Q14980,NUMA1,True,False,False,2115,0.676595744680851,0.12529550827423167,19
Q15038,DAZAP2,False,False,False,168,0.31547619047619047,0.11904761904761904,2
Q15042,RAB3GAP1,True,False,False,981,0.18246687054026503,0.11722731906218145,3
Q15056,EIF4H,False,False,False,248,0.625,0.11693548387096774,4
Q15058,KIF14,True,False,False,1648,0.2815533980582524,0.15655339805825244,6
Q15067,ACOX1,False,False,False,660,0.045454545454545456,0.12424242424242424,3
Q15075,EEA1,False,False,False,1411,0.3982990786676116,0.11906449326718639,3
Q15111,PLCL1,False,False,False,1095,0.13972602739726028,0.1178082191780822,3
Q15154,PCM1,True,False,False,2024,0.6931818181818182,0.1625494071146245,4
Q15365,PCBP1,False,False,False,356,0.13764044943820225,0.16853932584269662,3
Q15418,RPS6KA1,False,False,False,735,0.10068027210884353,0.12108843537414966,4
Q15434,RBMS2,False,False,False,407,0.36363636363636365,0.1891891891891892,3
Q15436,SEC23A,False,False,False,765,0.044444444444444446,0.12941176470588237,6
Q15437,SEC23B,True,False,False,767,0.048239895697522815,0.11864406779661017,8
Q15459,SF3A1,True,False,False,793,0.6809583858764187,0.09457755359394704,5
Q15545,TAF7,False,False,False,349,0.5186246418338109,0.1174785100286533,2
Q15561,TEAD4,False,False,False,434,0.2557603686635945,0.1497695852534562,4
Q15572,TAF1C,False,False,False,869,0.28308400460299193,0.13118527042577677,3
Q15637,SF1,True,False,False,639,0.9061032863849765,0.12206572769953052,9
Q15645,TRIP13,False,False,False,432,0.032407407407407406,0.13425925925925927,2
Q15648,MED1,True,False,False,1581,0.6590765338393422,0.23782416192283365,18
Q15652,JMJD1C,True,False,False,2540,0.5169291338582677,0.16968503937007873,46
Q15654,TRIP6,True,False,False,476,0.5588235294117647,0.09873949579831932,3
Q15691,MAPRE1,True,False,False,268,0.23880597014925373,0.07835820895522388,5
Q15723,ELF2,True,False,False,593,0.4671163575042159,0.1905564924114671,23
Q15750,TAB1,True,False,False,504,0.3055555555555556,0.15873015873015872,9
Q15788,NCOA1,True,False,False,1441,0.7057598889659958,0.17973629424011103,4
Q15910,EZH2,False,False,False,746,0.30831099195710454,0.1126005361930295,6
Q15942,ZYX,True,False,False,572,0.6416083916083916,0.11363636363636363,16
Q16186,ADRM1,True,False,False,407,0.4963144963144963,0.1769041769041769,11
Q16204,CCDC6,True,False,False,474,0.6181434599156118,0.16244725738396623,7
Q16352,INA,False,False,False,499,0.20240480961923848,0.156312625250501,4
Q16555,DPYSL2,True,False,False,572,0.13111888111888112,0.14335664335664336,6
Q16566,CAMK4,False,False,False,473,0.19027484143763213,0.10570824524312897,3
Q16594,TAF9,True,False,False,264,0.5303030303030303,0.20075757575757575,13
Q16643,DBN1,False,False,False,649,0.7411402157164869,0.12018489984591679,3
Q16760,DGKD,False,False,False,1214,0.23146622734761121,0.14332784184514002,3
Q17RS7,GEN1,True,False,False,908,0.15638766519823788,0.14977973568281938,5
Q29RF7,PDS5A,False,False,False,1337,0.17427075542258788,0.11069558713537771,4
Q2KHR3,QSER1,True,False,False,1735,0.5654178674351585,0.22478386167146974,52
Q2M2I8,AAK1,True,False,False,961,0.5691987513007284,0.14776274713839752,6
Q2NL68,PROSER3,True,False,False,480,0.8708333333333333,0.19791666666666666,3
Q2TAL8,QRICH1,True,False,False,776,0.31958762886597936,0.14175257731958762,6
Q2Y0W8,SLC4A8,False,False,False,1093,0.17108874656907594,0.11893870082342177,3
Q3LI81,KRTAP27-1,False,False,False,207,0.2898089171974522,0.2463768115942029,2
Q3YBR2,TBRG1,False,False,False,411,0.21897810218978103,0.12165450121654502,3
Q49AA0,ZFP69,False,False,False,526,0.17870722433460076,0.15019011406844107,3
Q4KMP7,TBC1D10B,True,False,False,808,0.5804455445544554,0.1373762376237624,7
Q4LDE5,SVEP1,True,False,False,3571,0.009801176141136937,0.14869784374124895,5
Q4VCS5,AMOT,False,False,False,1084,0.7038745387453874,0.13837638376383765,6
Q53ET0,CRTC2,True,False,False,693,0.8484848484848485,0.2077922077922078,8
Q58A45,PAN3,False,False,False,887,0.2638105975197294,0.1488162344983089,3
Q5BJH7,YIF1B,True,False,False,314,0.14012738853503184,0.09554140127388536,5
Q5BKZ1,ZNF326,False,False,False,582,0.7027491408934707,0.12886597938144329,2
Q5FWF5,ESCO1,False,False,False,840,0.5928571428571429,0.1761904761904762,4
Q5H9F3,BCORL1,True,False,False,1785,0.6370543541788428,0.18095238095238095,19
Q5JRX3,PITRM1,False,False,False,1037,0.08968177434908389,0.1359691417550627,4
Q5JSZ5,PRRC2B,True,False,False,2229,0.8905338716913415,0.15522655899506504,9
Q5JTV8,TOR1AIP1,False,False,False,583,0.5763293310463122,0.17667238421955403,4
Q5QP82,DCAF10,False,False,False,559,0.3041144901610018,0.18962432915921287,2
Q5SSJ5,HP1BP3,False,False,False,553,0.6094032549728752,0.15370705244122965,4
Q5SW79,CEP170,True,False,False,1584,0.8150252525252525,0.21401515151515152,8
Q5T0B9,ZNF362,True,False,False,420,0.530952380952381,0.1976190476190476,10
Q5T1R4,HIVEP3,False,False,False,2406,0.8300083125519534,0.19825436408977556,19
Q5T3F8,TMEM63B,True,False,False,832,0.08173076923076923,0.12259615384615384,3
Q5T3J3,LRIF1,False,False,False,769,0.3966189856957087,0.20546163849154747,9
Q5T4S7,UBR4,False,False,False,5183,0.12733937873818252,0.15473663901215512,4
Q5T5J6,SWT1,True,False,False,900,0.26222222222222225,0.16666666666666666,6
Q5T5P2,KIAA1217,False,False,False,1943,0.7972207925887802,0.18270715388574368,4
Q5T5U3,ARHGAP21,False,False,False,1958,0.6685393258426966,0.20888661899897856,2
Q5T6F2,UBAP2,True,False,False,1119,0.7658623771224308,0.24307417336907952,69
Q5T8P6,RBM26,True,False,False,1007,0.631578947368421,0.1499503475670308,12
Q5TB30,DEPDC1,False,False,False,811,0.07151664611590629,0.13316892725030827,4
Q5TGY3,AHDC1,False,False,False,1603,0.743605739238927,0.15283842794759825,11
Q5UIP0,RIF1,False,False,False,2472,0.46480582524271846,0.1808252427184466,6
Q5VT52,RPRD2,True,False,False,1461,0.7754962354551677,0.22518822724161533,67
Q5VTE0,EEF1A1P5,False,False,False,462,0.2898089171974522,0.11038961038961038,4
Q5VUA4,ZNF318,True,False,False,2279,0.7222465993856955,0.1755155770074594,18
Q5VWN6,TASOR2,True,False,False,2430,0.408641975308642,0.17366255144032922,16
Q5VYK3,ECPAS,True,False,False,1845,0.056368563685636856,0.13821138211382114,5
Q5XPI4,RNF123,False,False,False,1314,0.09969558599695585,0.1232876712328767,6
Q63HK5,TSHZ3,False,False,False,1081,0.5901942645698427,0.2072155411655874,4
Q63HR2,TNS2,False,False,False,1409,0.44002838892831797,0.1554293825408091,4
Q64LD2,WDR25,False,False,False,544,0.2898089171974522,0.17830882352941177,2
Q68CP9,ARID2,True,False,False,1835,0.4986376021798365,0.16839237057220707,20
Q68DE3,USF3,False,False,False,2245,0.7567928730512249,0.21959910913140313,5
Q6AI12,ANKRD40,False,False,False,368,0.45108695652173914,0.11684782608695653,4
Q6AI39,BICRAL,True,False,False,1079,0.6200185356811863,0.20296570898980537,9
Q6H8Q1,ABLIM2,False,False,False,611,0.37643207855973815,0.15384615384615385,4
Q6KC79,NIPBL,True,False,False,2804,0.45684736091298145,0.15977175463623394,15
Q6MZP7,LIN54,True,False,False,749,0.32309746328437916,0.19759679572763686,41
Q6N021,TET2,True,False,False,2002,0.6773226773226774,0.16133866133866134,9
Q6N043,ZNF280D,True,False,False,979,0.5137895812053116,0.20020429009193055,5
Q6NXT4,SLC30A6,True,False,False,461,0.1279826464208243,0.1540130151843818,4
Q6P3W7,SCYL2,True,False,False,929,0.3143164693218515,0.147470398277718,10
Q6P4R8,NFRKB,True,False,False,1299,0.4426481909160893,0.19476520400307928,69
Q6PCB5,RSBN1L,True,False,False,846,0.4444444444444444,0.13356973995271867,8
Q6PI47,KCTD18,False,False,False,426,0.3380281690140845,0.14788732394366197,3
Q6PJG2,MIDEAS,True,False,False,1045,0.784688995215311,0.12344497607655502,13
Q6PJT7,ZC3H14,True,False,False,736,0.5842391304347826,0.15896739130434784,33
Q6PKG0,LARP1,True,False,False,1096,0.6633211678832117,0.125,6
Q6Q0C0,TRAF7,True,False,False,670,0.14029850746268657,0.1746268656716418,6
Q6UB99,ANKRD11,False,False,False,2663,0.7420202778820879,0.1351858805858055,5
Q6UN15,FIP1L1,True,False,False,594,0.877104377104377,0.1632996632996633,11
Q6UUV7,CRTC3,True,False,False,619,0.8449111470113085,0.19224555735056542,17
Q6UVJ0,SASS6,True,False,False,657,0.2907153729071537,0.1354642313546423,8
Q6VMQ6,ATF7IP,True,False,False,1270,0.8165354330708662,0.1968503937007874,34
Q6W2J9,BCOR,True,False,False,1755,0.6045584045584046,0.15612535612535614,12
Q6WCQ1,MPRIP,False,False,False,1025,0.5531707317073171,0.14634146341463414,4
Q6Y7W6,GIGYF2,False,False,False,1299,0.6720554272517321,0.11393379522709776,8
Q6ZN30,BNC2,True,False,False,1099,0.4886260236578708,0.1710646041856233,6
Q6ZRI6,C15orf39,True,False,False,1047,0.6494746895893028,0.1451766953199618,11
Q6ZRP7,QSOX2,False,False,False,698,0.1318051575931232,0.11461318051575932,3
Q6ZRS2,SRCAP,True,False,False,3230,0.711764705882353,0.16718266253869968,27
Q6ZSR9,nan,True,False,False,355,0.8450704225352113,0.19154929577464788,5
Q6ZU65,UBN2,True,False,False,1347,0.6696362286562731,0.18782479584261322,15
Q70E73,RAPH1,False,False,False,1250,0.7208,0.1752,5
Q71DI3,H3C15,False,False,False,136,0.2898089171974522,0.11764705882352941,3
Q71RG4,TMUB2,True,False,False,321,0.3052959501557632,0.14330218068535824,3
Q76L83,ASXL2,False,False,False,1435,0.7818815331010452,0.2034843205574913,5
Q7KZ85,SUPT6H,True,False,False,1726,0.3128621089223638,0.10139049826187717,7
Q7L2H7,EIF3M,False,False,False,374,0.0,0.11764705882352941,3
Q7L592,NDUFAF7,True,False,False,441,0.009070294784580499,0.1111111111111111,3
Q7LBC6,KDM3B,True,False,False,1761,0.42191936399772856,0.1635434412265758,26
Q7Z2W4,ZC3HAV1,True,False,False,902,0.29046563192904656,0.1674057649667406,4
Q7Z3B4,NUP54,True,True,True,507,0.14003944773175542,0.15779092702169625,7
Q7Z3H0,ANKRD33,False,False,False,452,0.2898089171974522,0.13274336283185842,3
Q7Z3J3,RGPD4,False,False,False,1758,0.23777019340159272,0.14846416382252559,5
Q7Z3K3,POGZ,True,False,False,1410,0.39361702127659576,0.16312056737588654,38
Q7Z3T8,ZFYVE16,False,False,False,1539,0.24821312540610785,0.17024041585445093,4
Q7Z417,NUFIP2,True,False,False,695,0.7525179856115108,0.19280575539568345,17
Q7Z434,MAVS,True,False,False,540,0.7277777777777777,0.2,12
Q7Z460,CLASP1,False,False,False,1538,0.33224967490247076,0.18270481144343304,4
Q7Z4H8,POGLUT3,False,False,False,507,0.04142011834319527,0.09270216962524655,3
Q7Z589,EMSY,True,False,False,1322,0.6361573373676248,0.24357034795763993,75
Q7Z5J4,RAI1,True,False,False,1906,0.7974816369359916,0.1657922350472193,16
Q7Z5L9,IRF2BP2,True,False,False,587,0.7410562180579217,0.14310051107325383,16
Q7Z6B7,SRGAP1,True,False,False,1085,0.37695852534562213,0.14285714285714285,6
Q7Z6E9,RBBP6,False,False,False,1792,0.828125,0.18861607142857142,7
Q7Z6J0,SH3RF1,True,False,False,888,0.46621621621621623,0.16441441441441443,10
Q7Z6Z7,HUWE1,True,False,False,4374,0.37219935985368086,0.1700960219478738,8
Q7Z739,YTHDF3,True,False,False,585,0.5504273504273505,0.1452991452991453,15
Q86SQ0,PHLDB2,False,False,False,1253,0.5985634477254589,0.18036711891460494,3
Q86TC9,MYPN,True,False,False,1320,0.5424242424242425,0.17575757575757575,16
Q86U42,PABPN1,True,False,False,306,0.6209150326797386,0.09803921568627451,6
Q86U70,LDB1,True,False,False,411,0.3333333333333333,0.16058394160583941,4
Q86UE4,MTDH,True,False,False,582,0.8487972508591065,0.18556701030927836,5
Q86UP2,KTN1,False,False,False,1357,0.40088430361090643,0.11938098747236552,4
Q86UR5,RIMS1,False,False,False,1692,0.6749408983451537,0.1802600472813239,3
Q86UU0,BCL9L,True,False,False,1499,0.9926617745163442,0.13408939292861907,8
Q86V15,CASZ1,True,False,False,1759,0.48834565093803295,0.15747583854462763,11
Q86V40,TRABD2A,True,False,False,505,0.17227722772277226,0.13663366336633664,3
Q86VY4,TSPYL5,True,False,False,417,0.5179856115107914,0.10551558752997602,3
Q86X95,CIRSR,True,False,False,450,0.2898089171974522,0.17555555555555555,3
Q86XE5,HOGA1,True,False,False,327,0.2898089171974522,0.12538226299694188,3
Q86XN7,PROSER1,True,False,False,944,0.4586864406779661,0.2521186440677966,10
Q86XP3,DDX42,True,False,False,938,0.5309168443496801,0.1279317697228145,13
Q86XS5,ANGPTL5,False,False,False,388,0.028350515463917526,0.13917525773195877,2
Q86Y37,CACUL1,True,False,False,369,0.28184281842818426,0.12737127371273713,4
Q86YP4,GATAD2A,True,False,False,633,0.6714060031595577,0.18325434439178515,34
Q8IU81,IRF2BP1,False,False,False,584,0.4571917808219178,0.09931506849315068,3
Q8IUD2,ERC1,False,False,False,1116,0.6344086021505376,0.13440860215053763,4
Q8IV63,VRK3,False,False,False,474,0.27637130801687765,0.1751054852320675,2
Q8IVF2,AHNAK2,True,False,False,5795,0.7554788610871441,0.13218291630716134,23
Q8IVH2,FOXP4,True,False,False,680,0.6455882352941177,0.15441176470588236,4
Q8IVL0,NAV3,True,False,False,2385,0.6452830188679245,0.23102725366876312,5
Q8IVL1,NAV2,True,False,False,2488,0.6611736334405145,0.2202572347266881,3
Q8IVW6,ARID3B,True,False,False,561,0.5775401069518716,0.1586452762923351,5
Q8IWA6,CCDC60,False,False,False,550,0.2898089171974522,0.14909090909090908,3
Q8IWB9,TEX2,True,False,False,1127,0.4445430346051464,0.17834960070984915,9
Q8IWI9,MGA,True,False,False,3065,0.5367047308319739,0.17911908646003263,17
Q8IWN7,RP1L1,False,False,False,2400,0.8341666666666666,0.15875,2
Q8IWP9,CCDC28A,True,False,False,274,0.4708029197080292,0.145985401459854,3
Q8IWR0,ZC3H7A,False,False,False,971,0.09474768280123584,0.12358393408856849,3
Q8IWZ3,ANKHD1,True,False,False,2542,0.5035405192761605,0.17230527143981117,23
Q8IWZ8,SUGP1,True,False,False,645,0.6201550387596899,0.10852713178294573,8
Q8IX12,CCAR1,True,False,False,1150,0.47304347826086957,0.1208695652173913,14
Q8IXJ9,ASXL1,False,False,False,1541,0.7508111615833875,0.1745619727449708,2
Q8IXQ4,GPALPP1,False,False,False,340,0.2898089171974522,0.14411764705882352,2
Q8IXZ2,ZC3H3,False,False,False,948,0.7183544303797469,0.18565400843881857,3
Q8IY33,MICALL2,True,False,False,904,0.6493362831858407,0.15486725663716813,16
Q8IYT1,GARIN4,False,False,False,594,0.2898089171974522,0.17845117845117844,2
Q8IZ21,PHACTR4,True,False,False,702,0.9045584045584045,0.17663817663817663,14
Q8IZC4,RTKN2,False,False,False,609,0.19540229885057472,0.1297208538587849,3
Q8IZD0,SAMD14,False,False,False,417,0.9280575539568345,0.19904076738609114,2
Q8IZD2,KMT2E,False,False,False,1858,0.7734122712594187,0.18783638320775026,4
Q8IZH2,XRN1,True,False,False,1706,0.2321219226260258,0.12485345838218054,6
Q8IZL8,PELP1,False,False,False,1130,0.48672566371681414,0.12831858407079647,5
Q8IZW8,TNS4,False,False,False,715,0.5188811188811189,0.1986013986013986,3
Q8N1F7,NUP93,True,False,True,819,0.09768009768009768,0.12576312576312576,5
Q8N1G0,ZNF687,True,False,False,1237,0.5173807599029911,0.1544058205335489,7
Q8N283,ANKRD35,True,False,False,1001,0.2898089171974522,0.1038961038961039,3
Q8N2M8,CLASRP,False,False,False,674,0.7997032640949555,0.18545994065281898,4
Q8N2Y8,RUSC2,False,False,False,1516,0.6616094986807388,0.17216358839050133,2
Q8N3V7,SYNPO,True,False,False,929,0.9354144241119483,0.18729817007534985,14
Q8N3X1,FNBP4,True,False,False,1017,0.7541789577187807,0.18780727630285152,12
Q8N3Y7,SDR16C5,True,False,False,309,0.2898089171974522,0.10032362459546926,3
Q8N4C6,NIN,True,False,False,2090,0.35645933014354064,0.11961722488038277,6
Q8N4L4,SPEM1,False,False,False,309,0.44983818770226536,0.1423948220064725,2
Q8N4P6,LRRC71,False,False,False,559,0.3363148479427549,0.14669051878354203,3
Q8N5G2,MACO1,False,False,False,664,0.4367469879518072,0.125,4
Q8N8S7,ENAH,True,False,False,591,0.7529610829103215,0.12521150592216582,4
Q8NA82,MARCHF10,True,False,False,808,0.681930693069307,0.17698019801980197,3
Q8NBJ4,GOLM1,False,False,False,401,0.5885286783042394,0.08478802992518704,2
Q8NBS9,TXNDC5,False,False,False,432,0.14351851851851852,0.10648148148148148,4
Q8ND56,LSM14A,False,False,False,463,0.7041036717062635,0.15550755939524838,3
Q8ND83,SLAIN1,True,False,False,568,0.653169014084507,0.18661971830985916,7
Q8NDV7,TNRC6A,True,False,False,1962,0.8634046890927625,0.21202854230377166,21
Q8NDX5,PHC3,True,False,False,983,0.6500508646998983,0.21668362156663276,23
Q8NEM7,SUPT20H,True,False,False,779,0.36970474967907574,0.17201540436456997,7
Q8NEY1,NAV1,False,False,False,1877,0.6846030900372936,0.20404901438465636,6
Q8NEZ2,VPS37A,True,False,False,397,0.12594458438287154,0.1712846347607053,10
Q8NEZ4,KMT2C,True,False,False,4911,0.6599470576257381,0.15964162085115047,15
Q8NF64,ZMIZ2,False,False,False,920,0.6282608695652174,0.15978260869565217,2
Q8NF91,SYNE1,True,False,False,8797,0.10890076162328066,0.12993065817892463,9
Q8NFC6,BOD1L1,True,False,False,3051,0.9160930842346772,0.19436250409701736,6
Q8NFD5,ARID1B,True,False,False,2319,0.7620751341681574,0.14359637774902975,4
Q8NFH5,NUP35,True,False,True,326,0.5766871165644172,0.19938650306748465,7
Q8NFQ8,TOR1AIP2,False,False,False,470,0.4574468085106383,0.16382978723404254,3
Q8NG31,KNL1,True,False,False,2342,0.28052946199829204,0.16524338172502134,10
Q8NHP8,PLBD2,False,False,False,589,0.013582342954159592,0.12054329371816638,3
Q8TB72,PUM2,False,False,False,1066,0.36585365853658536,0.1529080675422139,3
Q8TBZ0,CCDC110,False,False,False,833,0.28691476590636256,0.15726290516206481,4
Q8TC07,TBC1D15,True,False,False,691,0.09696092619392185,0.1287988422575977,3
Q8TC56,GARIN3,True,False,False,605,0.5917355371900826,0.2066115702479339,3
Q8TCJ2,STT3B,False,False,False,826,0.08958837772397095,0.12953995157384987,7
Q8TCN5,ZNF507,False,False,False,953,0.39664218258132217,0.1783840503672613,3
Q8TCU4,ALMS1,True,False,False,4168,0.6103646833013435,0.19745681381957775,20
Q8TDB6,DTX3L,False,False,False,740,0.20810810810810812,0.14189189189189189,3
Q8TDM6,DLG5,True,False,False,1919,0.38144867118290776,0.14278269932256382,8
Q8TEM1,NUP210,False,False,False,1887,0.03391626921038686,0.15633280339162692,5
Q8TEQ6,GEMIN5,True,False,False,1508,0.16047745358090185,0.1419098143236074,5
Q8TF40,FNIP1,False,False,False,1166,0.17667238421955403,0.16981132075471697,7
Q8TF68,ZNF384,True,False,False,577,0.5407279029462738,0.18024263431542462,11
Q8TF74,WIPF2,True,False,False,440,1.0,0.13636363636363635,7
Q8WU79,SMAP2,False,False,False,429,0.32167832167832167,0.12354312354312354,3
Q8WUH6,TMEM263,True,False,False,116,0.4224137931034483,0.16379310344827586,5
Q8WUM4,PDCD6IP,False,False,False,868,0.21313364055299538,0.11635944700460829,8
Q8WUR7,C15orf40,False,False,False,153,0.49019607843137253,0.13071895424836602,3
Q8WV99,ZFAND2B,False,False,False,257,0.5175097276264592,0.1517509727626459,2
Q8WW12,PCNP,True,False,False,178,0.9775280898876404,0.1797752808988764,4
Q8WWI1,LMO7,True,False,False,1683,0.47296494355317886,0.17052881758764113,27
Q8WWM7,ATXN2L,True,False,False,1075,0.8669767441860465,0.15627906976744185,17
Q8WWQ0,PHIP,False,False,False,1821,0.3975837451949478,0.14881933003844042,3
Q8WX93,PALLD,True,False,False,1383,0.6109906001446131,0.16702819956616052,10
Q8WXI9,GATAD2B,True,False,False,593,0.6694772344013491,0.13490725126475547,18
Q8WY36,BBX,True,False,False,941,0.6981934112646121,0.1594048884165781,6
Q8WYP5,AHCTF1,True,False,True,2266,0.3773168578993822,0.17122683142100617,13
Q8WYQ9,ZCCHC14,True,False,False,949,0.5922023182297155,0.21812434141201265,8
Q92540,SMG7,True,False,False,1137,0.5074758135444152,0.167985927880387,4
Q92541,RTF1,True,False,False,710,0.6647887323943662,0.14366197183098592,3
Q92542,NCSTN,False,False,False,709,0.019746121297602257,0.15937940761636107,5
Q92570,NR4A3,False,False,False,626,0.33386581469648563,0.1597444089456869,5
Q92576,PHF3,True,False,False,2039,0.693477194703286,0.15497793035801863,18
Q92585,MAML1,False,False,False,1016,0.952755905511811,0.16535433070866143,12
Q92609,TBC1D5,False,False,False,795,0.3672955974842767,0.15471698113207547,3
Q92610,ZNF592,False,False,False,1267,0.5919494869771112,0.17205998421468036,5
Q92615,LARP4B,True,False,False,738,0.6490514905149052,0.16395663956639567,3
Q92733,PRCC,True,False,False,491,0.8778004073319755,0.13034623217922606,5
Q92750,TAF4B,False,False,False,862,0.22273781902552203,0.19721577726218098,11
Q92766,RREB1,False,False,False,1687,0.5773562537048014,0.15234143449911083,9
Q92793,CREBBP,True,False,False,2442,0.6797706797706797,0.14373464373464373,24
Q92841,DDX17,True,False,False,729,0.3635116598079561,0.12071330589849108,9
Q92854,SEMA4D,False,False,False,862,0.08004640371229699,0.14501160092807425,4
Q92878,RAD50,False,False,False,1312,0.25685975609756095,0.11051829268292683,4
Q92917,GPKOW,True,False,False,476,0.5756302521008403,0.1092436974789916,5
Q92945,KHSRP,True,False,False,711,0.829817158931083,0.07454289732770746,9
Q93052,LPP,True,False,False,612,0.6290849673202614,0.13725490196078433,13
Q969V3,NCLN,False,False,False,563,0.028419182948490232,0.11900532859680284,2
Q96AE4,FUBP1,False,False,False,644,0.7857142857142857,0.07919254658385093,5
Q96AG3,SLC25A46,False,False,False,418,0.20574162679425836,0.14354066985645933,3
Q96AY3,FKBP10,False,False,False,582,0.140893470790378,0.0979381443298969,5
Q96B49,TOMM6,True,False,False,74,0.14864864864864866,0.10810810810810811,3
Q96B97,SH3KBP1,True,False,False,665,0.6466165413533834,0.15789473684210525,5
Q96BD5,PHF21A,True,False,False,680,0.5926470588235294,0.1661764705882353,14
Q96CB8,INTS12,True,False,False,462,0.70995670995671,0.23809523809523808,11
Q96D71,REPS1,False,False,False,796,0.7135678391959799,0.1871859296482412,3
Q96EB1,ELP4,False,False,False,424,0.02830188679245283,0.1391509433962264,2
Q96EV2,RBM33,True,False,False,1170,0.9230769230769231,0.11367521367521367,10
Q96GX5,MASTL,False,False,False,879,0.2571103526734926,0.16382252559726962,3
Q96HA1,POM121,True,True,True,1249,0.6805444355484388,0.24899919935948758,41
Q96HC4,PDLIM5,True,False,False,596,0.5620805369127517,0.17785234899328858,27
Q96I24,FUBP3,True,False,False,572,0.43356643356643354,0.10664335664335664,16
Q96J42,TXNDC15,False,False,False,360,0.2898089171974522,0.12777777777777777,3
Q96JH7,VCPIP1,True,False,False,1222,0.3707037643207856,0.13993453355155483,6
Q96JM3,CHAMP1,True,False,False,812,0.6527093596059114,0.17118226600985223,8
Q96JY6,PDLIM2,False,False,False,352,0.6221590909090909,0.19886363636363635,5
Q96K21,ZFYVE19,True,False,False,471,0.6624203821656051,0.11677282377919321,3
Q96KM6,ZNF512B,True,False,False,892,0.6221973094170403,0.13789237668161436,19
Q96KR1,ZFR,True,False,False,1074,0.39757914338919925,0.1610800744878957,59
Q96L91,EP400,True,False,False,3159,0.5397277619499842,0.13706869262424817,54
Q96M27,PRRC1,True,False,False,445,0.4651685393258427,0.18202247191011237,23
Q96MY1,NOL4L,True,False,False,436,0.731651376146789,0.21330275229357798,8
Q96PK6,RBM14,True,False,False,669,0.3183856502242152,0.17189835575485798,17
Q96PU8,QKI,False,False,False,341,0.2873900293255132,0.0967741935483871,3
Q96PV6,LENG8,False,False,False,800,0.5825,0.14875,4
Q96PY5,FMNL2,False,False,False,1086,0.2265193370165746,0.10589318600368323,4
Q96Q89,KIF20B,False,False,False,1820,0.26153846153846155,0.1357142857142857,5
Q96QC0,PPP1R10,False,False,False,940,0.7734042553191489,0.10425531914893617,4
Q96QT6,PHF12,True,False,False,1004,0.4541832669322709,0.16533864541832669,14
Q96RK0,CIC,False,False,False,2517,0.8482587064676617,0.17044100119189512,7
Q96RN5,MED15,True,False,False,788,0.5862944162436549,0.13324873096446702,10
Q96ST2,IWS1,False,False,False,819,0.8192918192918193,0.16361416361416362,6
Q96ST3,SIN3A,True,False,False,1273,0.3307148468185389,0.12097407698350353,11
Q96T58,SPEN,True,False,False,3664,0.7330786026200873,0.16593886462882096,69
Q96TA2,YME1L1,False,False,False,773,0.04139715394566624,0.13971539456662355,5
Q99439,CNN2,False,False,False,309,0.22653721682847897,0.1423948220064725,3
Q99504,EYA3,True,False,False,573,0.3228621291448517,0.20593368237347295,8
Q99590,SCAF11,False,False,False,1463,0.6582365003417635,0.19275461380724537,5
Q99594,TEAD3,False,False,False,435,0.135632183908046,0.14942528735632185,3
Q99607,ELF4,False,False,False,663,0.5957767722473605,0.20361990950226244,4
Q99666,RGPD5,False,False,False,1765,0.2898089171974522,0.14674220963172804,3
Q99700,ATXN2,True,False,False,1313,0.8697638994668697,0.18354912414318356,18
Q99856,ARID3A,False,False,False,593,0.6172006745362564,0.1163575042158516,4
Q9BS26,ERP44,True,False,False,406,0.07389162561576355,0.10591133004926108,5
Q9BTA9,WAC,True,False,False,647,0.7897990726429676,0.23647604327666152,15
Q9BTC0,DIDO1,True,False,False,2240,0.7950892857142857,0.13660714285714284,32
Q9BUJ2,HNRNPUL1,True,False,False,856,0.572429906542056,0.10046728971962617,7
Q9BVL2,NUP58,True,True,True,599,0.2671118530884808,0.24373956594323873,44
Q9BVT8,TMUB1,False,False,False,246,0.42276422764227645,0.14634146341463414,2
Q9BWF3,RBM4,True,False,False,364,0.09065934065934066,0.1346153846153846,11
Q9BYJ9,YTHDF1,True,False,False,559,0.5384615384615384,0.16457960644007155,15
Q9C0A6,SETD5,True,False,False,1442,0.6719833564493759,0.21220527045769763,22
Q9C0C7,AMBRA1,True,False,False,1298,0.536979969183359,0.19183359013867488,10
Q9C0D2,CEP295,False,False,False,2601,0.4786620530565167,0.17262591311034217,5
Q9C0D5,TANC1,False,False,False,1861,0.415905427189683,0.169263836646964,11
Q9C0F0,ASXL3,False,False,False,2248,0.7166370106761566,0.20551601423487545,2
Q9C0F1,CEP44,False,False,False,390,0.13846153846153847,0.14358974358974358,4
Q9GZM5,YIPF3,False,False,False,350,0.2057142857142857,0.1,3
Q9GZY8,MFF,False,False,False,342,0.5029239766081871,0.14912280701754385,3
Q9H0E3,SAP130,True,False,False,1048,0.773854961832061,0.1946564885496183,39
Q9H0E9,BRD8,True,False,False,1235,0.5740890688259109,0.1522267206477733,9
Q9H1B7,IRF2BPL,True,False,False,796,0.6118090452261307,0.14321608040201006,12
Q9H1D0,TRPV6,True,False,False,765,0.050980392156862744,0.10065359477124183,3
Q9H2F5,EPC1,True,False,False,836,0.37320574162679426,0.1638755980861244,5
Q9H2P0,ADNP,True,False,False,1102,0.4319419237749546,0.1515426497277677,6
Q9H2X6,HIPK2,False,False,False,1198,0.39398998330550916,0.20784641068447413,5
Q9H2Y7,ZNF106,False,False,False,1883,0.6808284652150823,0.18852894317578334,5
Q9H334,FOXP1,True,False,False,677,0.5081240768094535,0.15066469719350073,6
Q9H3S7,PTPN23,False,False,False,1636,0.41748166259168706,0.1100244498777506,5
Q9H4A3,WNK1,True,False,False,2382,0.6557514693534845,0.22124265323257766,49
Q9H4G0,EPB41L1,True,False,False,881,0.5368898978433598,0.1623155505107832,9
Q9H4I2,ZHX3,True,False,False,956,0.4341004184100418,0.16527196652719664,13
Q9H582,ZNF644,False,False,False,1327,0.36397889977392617,0.1710625470987189,5
Q9H6L2,TMEM231,False,False,False,316,0.2898089171974522,0.11708860759493671,2
Q9H792,PEAK1,True,False,False,1746,0.5790378006872853,0.17583046964490265,7
Q9H7P9,PLEKHG2,False,False,False,1386,0.6774891774891775,0.14862914862914864,6
Q9H7S9,ZNF703,False,False,False,590,0.5898305084745763,0.1847457627118644,3
Q9H845,ACAD9,False,False,False,621,0.00644122383252818,0.12721417069243157,3
Q9H8M1,COQ10B,False,False,False,238,0.0,0.14705882352941177,2
Q9H8V3,ECT2,True,False,False,914,0.17833698030634573,0.15645514223194748,5
Q9H8Y8,GORASP2,True,False,False,452,0.5420353982300885,0.18805309734513273,9
Q9H910,JPT2,False,False,False,190,1.0,0.15789473684210525,4
Q9HAH7,FBRS,False,False,False,460,0.7086956521739131,0.10217391304347827,3
Q9HAP2,MLXIP,True,False,False,919,0.49183895538628947,0.16539717083786726,8
Q9HAU0,PLEKHA5,False,False,False,1116,0.6505376344086021,0.16308243727598568,5
Q9HAW0,BRF2,False,False,False,419,0.26730310262529833,0.14081145584725538,3
Q9HB21,PLEKHA1,True,False,False,404,0.3118811881188119,0.14603960396039603,4
Q9HBD1,RC3H2,True,False,False,1191,0.36607892527287994,0.16120906801007556,25
Q9HBF4,ZFYVE1,False,False,False,777,0.04247104247104247,0.1287001287001287,3
Q9HBG7,LY9,False,False,False,655,0.27938931297709924,0.19389312977099238,3
Q9HBM6,TAF9B,True,False,False,251,0.4940239043824701,0.14741035856573706,8
Q9HC78,ZBTB20,True,False,False,741,0.4750337381916329,0.19433198380566802,17
Q9HCD5,NCOA5,True,False,False,579,0.7132987910189983,0.14853195164075994,18
Q9HCD6,TANC2,True,False,False,1990,0.4055276381909548,0.16432160804020102,9
Q9HCE3,ZNF532,True,False,False,1301,0.415065334358186,0.186010760953113,4
Q9HCK8,CHD8,True,False,False,2581,0.43510267338240993,0.13444401394808214,11
Q9HDC9,APMAP,False,False,False,416,0.09375,0.12740384615384615,4
Q9NP71,MLXIPL,False,False,False,852,0.5269953051643192,0.15492957746478872,3
Q9NPF5,DMAP1,False,False,False,467,0.41755888650963596,0.10920770877944326,5
Q9NPG3,UBN1,True,False,False,1134,0.6419753086419753,0.16137566137566137,22
Q9NPG4,PCDH12,True,False,False,1184,0.34459459459459457,0.14442567567567569,3
Q9NPI6,DCP1A,True,False,False,582,0.5618556701030928,0.1872852233676976,6
Q9NQ66,PLCB1,False,False,False,1216,0.26480263157894735,0.12417763157894737,4
Q9NQC3,RTN4,False,False,False,1192,0.5385906040268457,0.1686241610738255,7
Q9NQV6,PRDM10,False,False,False,1147,0.5562336530078466,0.15257192676547515,4
Q9NQX3,GPHN,True,False,False,736,0.24456521739130435,0.13722826086956522,3
Q9NR12,PDLIM7,True,False,False,457,0.4485776805251641,0.12691466083150985,13
Q9NR30,DDX21,False,False,False,783,0.3563218390804598,0.1277139208173691,3
Q9NR56,MBNL1,False,False,False,388,0.07731958762886598,0.12886597938144329,4
Q9NRA8,EIF4ENIF1,False,False,False,985,0.6994923857868021,0.16142131979695432,4
Q9NSC7,ST6GALNAC1,True,False,False,600,0.37333333333333335,0.145,4
Q9NTZ6,RBM12,True,False,False,932,0.5633047210300429,0.11695278969957082,17
Q9NUW8,TDP1,True,False,False,608,0.25164473684210525,0.14967105263157895,8
Q9NXV6,CDKN2AIP,True,False,False,580,0.4879310344827586,0.2689655172413793,24
Q9NYB9,ABI2,False,False,False,513,0.5847953216374269,0.17738791423001948,3
Q9NYD6,HOXC10,False,False,False,342,0.49707602339181284,0.17543859649122806,4
Q9NYF8,BCLAF1,True,False,False,920,0.9032608695652173,0.20978260869565218,10
Q9NYJ8,TAB2,True,False,False,693,0.7085137085137085,0.19480519480519481,9
Q9NYV4,CDK12,True,False,False,1490,0.7476510067114094,0.18859060402684563,17
Q9NZH7,IL36B,False,False,False,164,0.036585365853658534,0.12195121951219512,2
Q9NZM4,BICRA,False,False,False,1560,0.7557692307692307,0.14807692307692308,5
Q9NZN8,CNOT2,True,False,False,540,0.6,0.17962962962962964,15
Q9P0J7,KCMF1,False,False,False,381,0.6377952755905512,0.2020997375328084,4
Q9P1Y5,CAMSAP3,False,False,False,1249,0.6269015212169736,0.14091273018414732,5
Q9P265,DIP2B,False,False,False,1576,0.1998730964467005,0.14784263959390864,4
Q9P270,SLAIN2,False,False,False,581,0.8812392426850258,0.2099827882960413,2
Q9P2N5,RBM27,True,False,False,1060,0.7433962264150943,0.14339622641509434,34
Q9P2N6,KANSL3,True,False,False,904,0.4823008849557522,0.19690265486725664,32
Q9P2R6,RERE,True,False,False,1566,0.7726692209450831,0.14687100893997446,8
Q9P2Y4,ZNF219,False,False,False,722,0.7465373961218836,0.11634349030470914,3
Q9UGK3,STAP2,False,False,False,403,0.2898089171974522,0.10173697270471464,3
Q9UGP4,LIMD1,False,False,False,676,0.5399408284023669,0.14349112426035504,5
Q9UGU0,TCF20,True,False,False,1960,0.8928571428571429,0.1739795918367347,19
Q9UH99,SUN2,True,False,False,717,0.16875871687587168,0.16736401673640167,5
Q9UHB6,LIMA1,False,False,False,759,0.8326745718050066,0.16996047430830039,8
Q9UHB7,AFF4,True,False,False,1163,0.819432502149613,0.23989681857265693,8
Q9UHD8,SEPTIN9,False,False,False,586,0.5204778156996587,0.14334470989761092,5
Q9UHD9,UBQLN2,True,False,False,624,0.7211538461538461,0.1778846153846154,12
Q9UHF7,TRPS1,False,False,False,1281,0.5003903200624512,0.16237314597970337,5
Q9UHR5,SAP30BP,True,False,False,308,0.5357142857142857,0.17532467532467533,20
Q9UHX1,PUF60,False,False,False,559,0.2146690518783542,0.11449016100178891,4
Q9UHY1,NRBP1,True,False,False,535,0.2523364485981308,0.14579439252336449,3
Q9UIF8,BAZ2B,True,False,False,2168,0.559040590405904,0.16282287822878228,7
Q9UIU6,SIX4,True,False,False,781,0.293213828425096,0.19718309859154928,12
Q9UJ99,CDH22,True,False,False,828,0.2898089171974522,0.14009661835748793,3
Q9UJU6,DBNL,False,False,False,430,0.5279069767441861,0.10232558139534884,3
Q9UJX2,CDC23,False,False,False,597,0.03350083752093802,0.10385259631490787,3
Q9UK61,TASOR,True,False,False,1670,0.3688622754491018,0.14850299401197606,4
Q9UKA4,AKAP11,False,False,False,1901,0.2540768016833246,0.18726985796948975,5
Q9UKD1,GMEB2,True,False,False,530,0.2490566037735849,0.16037735849056603,5
Q9UKX7,NUP50,False,True,True,468,0.45726495726495725,0.1623931623931624,4
Q9UKY1,ZHX1,True,False,False,873,0.422680412371134,0.17525773195876287,15
Q9ULH7,MRTFB,True,False,False,1088,0.7895220588235294,0.18658088235294118,6
Q9ULJ3,ZBTB21,False,False,False,1066,0.4606003752345216,0.1651031894934334,4
Q9ULL5,PRR12,False,False,False,2036,0.8555992141453831,0.13310412573673872,12
Q9ULM3,YEATS2,True,False,False,1422,0.4444444444444444,0.1940928270042194,36
Q9ULT8,HECTD1,True,False,False,2610,0.2685823754789272,0.16590038314176245,18
Q9ULU4,ZMYND8,True,False,False,1186,0.5927487352445194,0.20236087689713322,12
Q9ULV5,HSF4,False,False,False,492,0.5,0.11178861788617886,2
Q9UM11,FZR1,True,False,False,496,0.2898089171974522,0.17338709677419356,3
Q9UM82,SPATA2,True,False,False,520,0.26153846153846155,0.19230769230769232,3
Q9UMS4,PRPF19,True,False,False,504,0.06547619047619048,0.16865079365079366,3
Q9UMS5,PHTF1,False,False,False,762,0.17454068241469817,0.14829396325459318,3
Q9UN79,SOX13,False,False,False,622,0.7057877813504824,0.12861736334405144,3
Q9UN86,G3BP2,False,False,False,482,0.6161825726141079,0.1016597510373444,2
Q9UNF1,MAGED2,False,False,False,606,0.4603960396039604,0.16666666666666666,4
Q9UPA5,BSN,True,False,False,3926,0.8413143148242486,0.1686194600101885,38
Q9UPN6,SCAF8,True,False,False,1271,0.6309992132179386,0.13375295043273014,13
Q9UPN9,TRIM33,True,False,False,1127,0.4472049689440994,0.1401952085181899,7
Q9UPQ0,LIMCH1,True,False,False,1083,0.7192982456140351,0.1615881809787627,7
Q9UPQ9,TNRC6B,False,False,False,1833,0.8892525913802509,0.19749045280960176,6
Q9UPS6,SETD1B,False,False,False,1966,0.6907426246185148,0.1520854526958291,3
Q9UPV9,TRAK1,False,False,False,953,0.3515215110178384,0.18048268625393493,3
Q9UPZ3,HPS5,True,False,False,1129,0.1328609388839681,0.15589016829052257,3
Q9UQ03,CORO2B,False,False,False,480,0.2898089171974522,0.11041666666666666,3
Q9UQ35,SRRM2,True,False,False,2752,0.9752906976744186,0.29578488372093026,51
Q9UQB3,CTNND2,False,False,False,1225,0.5395918367346939,0.17795918367346938,6
Q9UQR0,SCML2,True,False,False,700,0.39,0.16714285714285715,4
Q9UQR1,ZNF148,False,False,False,794,0.5491183879093199,0.1712846347607053,5
Q9Y2W1,THRAP3,True,False,False,955,0.962303664921466,0.20523560209424083,5
Q9Y2X9,ZNF281,True,False,False,895,0.5709497206703911,0.20335195530726258,19
Q9Y3S1,WNK2,False,False,False,2297,0.7292120156726165,0.1410535481062255,2
Q9Y450,HBS1L,False,False,False,684,0.23976608187134502,0.13450292397660818,3
Q9Y467,SALL2,True,False,False,1007,0.6653426017874876,0.17874875868917578,8
Q9Y4B4,RAD54L2,True,False,False,1467,0.4021813224267212,0.13974096796182686,6
Q9Y4B5,MTCL1,False,False,False,1905,0.7307086614173228,0.13280839895013125,4
Q9Y4B6,DCAF1,False,False,False,1507,0.21964167219641673,0.12873258128732581,5
Q9Y4H2,IRS2,False,False,False,1338,0.7458893871449925,0.17189835575485798,7
Q9Y512,SAMM50,False,False,False,469,0.029850746268656716,0.11940298507462686,5
Q9Y520,PRRC2C,True,False,False,2896,0.9074585635359116,0.16540055248618785,71
Q9Y580,RBM7,True,False,False,266,0.6127819548872181,0.18421052631578946,4
Q9Y5A9,YTHDF2,False,False,False,579,0.49222797927461137,0.153713298791019,8
Q9Y5B9,SUPT16H,False,False,False,1047,0.2139446036294174,0.11079274116523401,4
Q9Y5M8,SRPRB,True,False,False,271,0.01845018450184502,0.15129151291512916,5
Q9Y618,NCOR2,True,False,False,2514,0.8631662688941926,0.15274463007159905,49
Q9Y678,COPG1,True,False,False,874,0.06178489702517163,0.14073226544622425,5
Q9Y692,GMEB1,True,False,False,573,0.3682373472949389,0.16404886561954624,3
Q9Y6G9,DYNC1LI1,False,False,False,523,0.32122370936902483,0.1338432122370937,3
Q9Y6Q9,NCOA3,True,False,False,1424,0.7907303370786517,0.1699438202247191,9
Q9Y6R9,CCDC61,False,False,False,512,0.603515625,0.1484375,3
Q9Y6V0,PCLO,False,False,False,5142,0.6812524309607156,0.20245040840140024,27
Q9Y6X8,ZHX2,False,False,False,837,0.4647550776583035,0.16367980884109917,4
Q9Y6X9,MORC2,False,False,False,1032,0.37209302325581395,0.1298449612403101,7
Q9Y6Y8,SEC23IP,True,False,False,1000,0.281,0.149,28
