radius,phosphosite_cdf,control_cdf,difference,ci_low,ci_high,n_proteins
0,0.0593627478049588,0.0597492959302004,0.0010334695422943,-0.0086434559932428,0.0109186729970452,471
1,0.0613507095919156,0.0617372577171572,0.0019857509220199,-0.0075939295006137,0.0116598865931339,471
2,0.0643878734330995,0.0643326522723507,0.0028072458168239,-0.0064693259015267,0.012752564140533,471
3,0.0681981335247667,0.0674250372742835,0.0041517133941231,-0.006021559616176,0.0145487980710875,471
4,0.072505384063173,0.0707383069192114,0.0063174098682842,-0.0043607549030914,0.0167140932339915,471
5,0.0771439615660721,0.0736098072781489,0.0086490981303555,-0.002261968377738,0.0194862162960556,471
6,0.0816720967474736,0.0778618366558065,0.0095261094726742,-0.0014322610022527,0.020201069577717,471
7,0.0863106742503727,0.082113866033464,0.0092829970050935,-0.0022281346163451,0.0212689831719163,471
8,0.0904522613065326,0.0861450107681263,0.0093847843202966,-0.0021683984345016,0.0214285034686151,471
9,0.0950356176486829,0.0902313766635374,0.0091559728249634,-0.002966040110454,0.0216364371221206,471
10,0.0992324258655917,0.0950908388094317,0.0096184085092197,-0.0030638077506967,0.0218084445243059,471
11,0.1035948975647468,0.0992324258655917,0.0103575878389539,-0.00193918363149,0.0227901505900727,471
12,0.1082886962283947,0.1027665801535148,0.0107400192374363,-0.0015120715428231,0.0236618471817691,471
13,0.1128168314097962,0.1067977248881771,0.0132716172692095,5.351598514684711e-05,0.0268502860407916,471
14,0.1160748798939753,0.1100005522116074,0.0126677481432625,-4.081163065605066e-05,0.0258441501531186,471
15,0.1202164669501353,0.1130377160527914,0.0138008104783023,0.0009504519163769,0.0275564011415581,471
16,0.1238058423988072,0.1164062068584681,0.0148026193701057,0.0019067683072824,0.0286278171767649,471
17,0.1285548622232039,0.1190016014136617,0.0171920025233307,0.0042568696363883,0.030766461502594,471
18,0.1319233530288806,0.121928322933348,0.0184371943813968,0.0051216846872054,0.0320400517024986,471
19,0.1357336131205478,0.1253520348997736,0.0167246690277389,0.00327595763745,0.0306441223563033,471
20,0.1391573250869733,0.1286653045447015,0.0168913329062487,0.0037428129997124,0.0309781884139156,471
21,0.1430228063393892,0.1324203434756198,0.0161937580617702,0.0023879806165962,0.0304162704756789,471
22,0.1467226241095587,0.1355127284775526,0.0181070906555699,0.0041662445572483,0.0321988231069016,471
23,0.1501463360759843,0.1394334308907173,0.0179320038951541,0.0041884923326575,0.0327935994049626,471
24,0.1535700480424098,0.1435197967861284,0.0172637205838335,0.0031840105742769,0.0318625981168234,471
25,0.1567176542050914,0.1473300568777955,0.0161052966502096,0.0023353537395937,0.030748856658659,471
26,0.1598100392070241,0.1507537688442211,0.0160634142950502,0.0022484872098317,0.0308542047143364,471
27,0.162571097244464,0.1539013750069026,0.015394522656483,0.0014417533876534,0.0298902507348395,471
28,0.1653873764426528,0.1566624330443426,0.014648008831464,0.0005807973837551,0.029177944304791,471
29,0.1689215307305759,0.1602518084930145,0.0143795229517643,0.0002300142906034,0.0291773302437455,471
30,0.1720139157325087,0.1632889723341984,0.0142694504909951,-0.0002760732729812,0.0294604467772485,471
31,0.1751063007344414,0.16643657849688,0.0137632469369572,-0.0002880513015081,0.0283812400225913,471
32,0.177977801093379,0.1694185211773151,0.0138142753895804,-0.00057366784908,0.0285502448085621,471
33,0.1810149649345629,0.1721795792147551,0.0145095684478097,-0.0001470142875103,0.0292274176162887,471
34,0.1833342536860124,0.174664531448451,0.0138216168113798,-0.001061783046141,0.0287605441496933,471
35,0.1864266386879452,0.1783091280578717,0.0140092180098957,-0.0008528842847971,0.0287729564212676,471
36,0.1880832735104091,0.1814015130598045,0.0104236332256794,-0.0048048766802106,0.0263511899888803,471
37,0.1913413219945883,0.184273013418742,0.0116390402666543,-0.0045177429928617,0.0270456973125643,471
38,0.193881495389033,0.1869236291346844,0.0113737518058622,-0.0047296534574392,0.0269579309110585,471
39,0.196918659230217,0.1896294660113755,0.0113905821198129,-0.004715510098261,0.0269393377862503,471
40,0.1996244961069081,0.1925561875310619,0.0107405535090485,-0.0055720332342443,0.026720139941688,471
41,0.2021646695013529,0.1963112264619802,0.0097144083142799,-0.0062061023676646,0.0259829719895105,471
42,0.2047600640565464,0.1990722844994202,0.0084862830070179,-0.0073810678711337,0.0245934848498453,471
43,0.2072450162902424,0.2015020155723673,0.0093737751049554,-0.0070426014003752,0.0254622595603929,471
44,0.2096747473631895,0.2036556408415704,0.0089090206017959,-0.0077259572390649,0.0252348414570649,471
45,0.2127119112043735,0.206251035396764,0.0093375500451434,-0.0069727529115718,0.0257505235088125,471
46,0.2157490750455574,0.2085703241482135,0.0114272188025302,-0.0043844335369371,0.0277435627790539,471
47,0.2178474791540118,0.2114970456678999,0.0101010907812899,-0.0064532573375575,0.0255185600141342,471
48,0.2200563255839637,0.2138163344193495,0.0094047434958099,-0.0068932541491526,0.0247036219300934,471
49,0.2225412778176597,0.2163012866530454,0.0090216885156604,-0.0069649482742775,0.0251517604117793,471
50,0.2250262300513557,0.2187862388867414,0.0088811929814646,-0.0068899716127475,0.0251876308434806,471
51,0.2277320669280468,0.2209398641559445,0.0092796926257658,-0.006765560360798,0.0248436913136026,471
52,0.2302170191617427,0.2233695952288917,0.0099072677117868,-0.0062308148884274,0.0260343714030344,471
53,0.2327571925561875,0.2257993263018388,0.009559097253644,-0.0065671624969775,0.0261986944971082,471
54,0.2350212601468883,0.2283947208570324,0.0101954410306793,-0.0055993766781551,0.0262381995509487,471
55,0.2376166547020818,0.2301065768402451,0.0114553127537048,-0.0052339569615631,0.0276239799477035,471
56,0.2394389530067922,0.2329228560384339,0.0106230423800817,-0.005285407358831,0.0274657720936406,471
57,0.2416477994367441,0.2351317024683858,0.0103027618369569,-0.0060503002850346,0.0273640070626434,471
58,0.2445192997956817,0.2379479816665746,0.0097638185234805,-0.0064500551870557,0.0263139919037478,471
59,0.246617703904136,0.240598597382517,0.0091427663300517,-0.0075816170045773,0.0253734793905755,471
60,0.2495444254238224,0.2430283284554641,0.009423729652564,-0.0082790529305093,0.0260865952470899,471
