category,position,human_residue,mouse_residue,identical
peptide_contact_channel,328,D,D,True
peptide_contact_channel,331,N,N,True
peptide_contact_channel,332,N,N,True
peptide_contact_channel,335,N,N,True
peptide_contact_channel,338,R,R,True
peptide_contact_channel,360,F,F,True
peptide_contact_channel,362,A,A,True
peptide_contact_channel,365,S,S,True
peptide_contact_channel,366,N,N,True
peptide_contact_channel,369,S,S,True
peptide_contact_channel,372,Q,Q,True
peptide_contact_channel,373,Q,Q,True
peptide_contact_channel,384,Y,Y,True
peptide_contact_channel,394,F,F,True
peptide_contact_channel,396,D,D,True
peptide_contact_channel,399,S,S,True
peptide_contact_channel,400,N,N,True
peptide_contact_channel,403,N,N,True
peptide_contact_channel,406,K,K,True
peptide_contact_channel,407,E,E,True
peptide_contact_channel,409,Q,Q,True
peptide_contact_channel,418,Y,Y,True
peptide_contact_channel,428,F,F,True
peptide_contact_channel,430,D,D,True
peptide_contact_channel,433,S,S,True
peptide_contact_channel,434,N,N,True
peptide_contact_channel,437,S,S,True
peptide_contact_channel,440,K,K,True
peptide_contact_channel,441,D,D,True
peptide_contact_channel,452,Y,Y,True
peptide_contact_channel,462,F,F,True
peptide_contact_channel,464,D,D,True
peptide_contact_channel,468,N,N,True
peptide_contact_channel,502,L,L,True
peptide_contact_channel,503,P,P,True
peptide_contact_channel,504,S,S,True
peptide_contact_channel,505,V,V,True
peptide_contact_channel,506,H,H,True
peptide_contact_channel,508,H,H,True
peptide_contact_channel,509,H,H,True
peptide_contact_channel,527,H,H,True
peptide_contact_channel,567,N,N,True
peptide_contact_channel,568,H,H,True
peptide_contact_channel,569,P,P,True
peptide_contact_channel,572,H,H,True
peptide_contact_channel,641,G,G,True
peptide_contact_channel,642,Y,Y,True
peptide_contact_channel,643,T,T,True
peptide_contact_channel,644,K,K,True
peptide_contact_channel,645,G,G,True
peptide_contact_channel,646,A,A,True
peptide_contact_channel,648,N,N,True
peptide_contact_channel,664,G,G,True
peptide_contact_channel,665,Y,Y,True
peptide_contact_channel,666,P,P,True
peptide_contact_channel,811,T,T,True
peptide_contact_channel,815,N,N,True
peptide_contact_channel,819,T,T,True
peptide_contact_channel,849,Q,Q,True
peptide_contact_channel,851,Y,Y,True
peptide_contact_channel,878,F,F,True
peptide_contact_channel,904,P,P,True
peptide_contact_channel,905,V,V,True
peptide_contact_channel,906,A,A,True
peptide_contact_channel,907,P,P,True
asn_ladder,331,N,N,True
asn_ladder,332,N,N,True
asn_ladder,335,N,N,True
asn_ladder,366,N,N,True
asn_ladder,400,N,N,True
asn_ladder,403,N,N,True
asn_ladder,434,N,N,True
asn_ladder,468,N,N,True
catalytic_triad,508,H,H,True
catalytic_triad,568,H,H,True
catalytic_triad,852,K,K,True
reading_surface,328,D,D,True
reading_surface,331,N,N,True
reading_surface,332,N,N,True
reading_surface,335,N,N,True
reading_surface,338,R,R,True
reading_surface,360,F,F,True
reading_surface,362,A,A,True
reading_surface,365,S,S,True
reading_surface,366,N,N,True
reading_surface,369,S,S,True
reading_surface,372,Q,Q,True
reading_surface,373,Q,Q,True
reading_surface,384,Y,Y,True
reading_surface,394,F,F,True
reading_surface,396,D,D,True
reading_surface,399,S,S,True
reading_surface,400,N,N,True
reading_surface,403,N,N,True
reading_surface,406,K,K,True
reading_surface,407,E,E,True
reading_surface,409,Q,Q,True
reading_surface,418,Y,Y,True
reading_surface,428,F,F,True
reading_surface,430,D,D,True
reading_surface,433,S,S,True
reading_surface,434,N,N,True
reading_surface,437,S,S,True
reading_surface,440,K,K,True
reading_surface,441,D,D,True
reading_surface,452,Y,Y,True
reading_surface,462,F,F,True
reading_surface,464,D,D,True
reading_surface,468,N,N,True
reading_surface,502,L,L,True
reading_surface,503,P,P,True
reading_surface,504,S,S,True
reading_surface,505,V,V,True
reading_surface,506,H,H,True
reading_surface,508,H,H,True
reading_surface,509,H,H,True
reading_surface,527,H,H,True
reading_surface,567,N,N,True
reading_surface,568,H,H,True
reading_surface,569,P,P,True
reading_surface,572,H,H,True
reading_surface,641,G,G,True
reading_surface,642,Y,Y,True
reading_surface,643,T,T,True
reading_surface,644,K,K,True
reading_surface,645,G,G,True
reading_surface,646,A,A,True
reading_surface,648,N,N,True
reading_surface,664,G,G,True
reading_surface,665,Y,Y,True
reading_surface,666,P,P,True
reading_surface,811,T,T,True
reading_surface,815,N,N,True
reading_surface,819,T,T,True
reading_surface,849,Q,Q,True
reading_surface,851,Y,Y,True
reading_surface,852,K,K,True
reading_surface,878,F,F,True
reading_surface,904,P,P,True
reading_surface,905,V,V,True
reading_surface,906,A,A,True
reading_surface,907,P,P,True
other_surface,1,M,M,True
other_surface,323,C,C,True
other_surface,324,P,P,True
other_surface,325,T,T,True
other_surface,326,H,H,True
other_surface,329,S,S,True
other_surface,333,L,L,True
other_surface,336,I,I,True
other_surface,337,K,K,True
other_surface,339,E,E,True
other_surface,340,Q,Q,True
other_surface,341,G,G,True
other_surface,342,N,N,True
other_surface,344,E,E,True
other_surface,345,E,E,True
other_surface,348,R,R,True
other_surface,351,R,R,True
other_surface,352,K,K,True
other_surface,355,E,E,True
other_surface,357,F,F,True
other_surface,358,P,P,True
other_surface,359,E,E,True
other_surface,375,G,G,True
other_surface,376,K,K,True
other_surface,378,Q,Q,True
other_surface,379,E,E,True
other_surface,382,M,M,True
other_surface,385,K,K,True
other_surface,386,E,E,True
other_surface,389,R,R,True
other_surface,390,I,I,True
other_surface,391,S,S,True
other_surface,392,P,P,True
other_surface,393,T,T,True
other_surface,408,M,M,True
other_surface,410,D,D,True
other_surface,411,V,V,True
other_surface,412,Q,Q,True
other_surface,415,L,L,True
other_surface,416,Q,Q,True
other_surface,419,T,T,True
other_surface,420,R,R,True
other_surface,423,Q,Q,True
other_surface,424,I,I,True
other_surface,425,N,N,True
other_surface,426,P,P,True
other_surface,427,A,A,True
other_surface,439,H,H,True
other_surface,442,S,S,True
other_surface,443,G,G,True
other_surface,444,N,N,True
other_surface,446,P,P,True
other_surface,447,E,E,True
other_surface,450,A,A,True
other_surface,453,R,R,True
other_surface,454,T,T,True
other_surface,457,K,K,True
other_surface,458,L,L,True
other_surface,459,K,K,True
other_surface,460,P,P,True
other_surface,461,D,D,True
other_surface,463,P,P,True
other_surface,480,T,T,True
other_surface,481,D,D,True
other_surface,483,D,D,True
other_surface,484,E,E,True
other_surface,487,K,K,True
other_surface,488,K,K,True
other_surface,490,V,V,True
other_surface,491,S,S,True
other_surface,494,A,A,True
other_surface,495,D,E,False
other_surface,498,E,E,True
other_surface,499,K,K,True
other_surface,500,N,N,True
other_surface,501,R,R,True
other_surface,514,P,P,True
other_surface,516,S,S,True
other_surface,518,G,G,True
other_surface,519,F,F,True
other_surface,521,K,K,True
other_surface,525,E,E,True
other_surface,529,N,N,True
other_surface,530,L,L,True
other_surface,532,L,L,True
other_surface,533,D,D,True
other_surface,534,K,K,True
other_surface,536,N,N,True
other_surface,538,L,L,True
other_surface,539,H,H,True
other_surface,540,K,K,True
other_surface,541,P,P,True
other_surface,542,P,P,True
other_surface,544,E,E,True
other_surface,547,K,K,True
other_surface,548,D,D,True
other_surface,550,K,K,True
other_surface,551,L,L,True
other_surface,553,D,D,True
other_surface,554,G,G,True
other_surface,579,G,G,True
other_surface,582,N,N,True
other_surface,583,P,P,True
other_surface,584,D,D,True
other_surface,585,K,K,True
other_surface,595,P,P,True
other_surface,596,D,D,True
other_surface,597,D,D,True
other_surface,598,G,G,True
other_surface,600,N,N,True
other_surface,603,V,V,True
other_surface,606,M,M,True
other_surface,607,A,A,True
other_surface,608,E,E,True
other_surface,610,N,N,True
other_surface,611,H,H,True
other_surface,616,S,S,True
other_surface,617,Q,Q,True
other_surface,618,I,I,True
other_surface,619,P,P,True
other_surface,620,C,C,True
other_surface,623,K,K,True
other_surface,626,D,D,True
other_surface,627,R,R,True
other_surface,629,H,H,True
other_surface,630,Q,Q,True
other_surface,672,L,L,True
other_surface,681,Q,Q,True
other_surface,682,E,E,True
other_surface,686,A,A,True
other_surface,687,E,E,True
other_surface,690,E,E,True
other_surface,693,S,S,True
other_surface,695,K,K,True
other_surface,700,P,P,True
other_surface,701,H,H,True
other_surface,709,A,A,True
other_surface,710,N,N,True
other_surface,713,P,P,True
other_surface,716,K,K,True
other_surface,717,K,K,True
other_surface,723,F,F,True
other_surface,724,K,K,True
other_surface,729,I,I,True
other_surface,730,Y,Y,True
other_surface,739,I,I,True
other_surface,740,D,D,True
other_surface,742,K,K,True
other_surface,743,A,A,True
other_surface,746,D,D,True
other_surface,747,S,S,True
other_surface,749,P,P,True
other_surface,750,D,D,True
other_surface,751,V,V,True
other_surface,752,K,K,True
other_surface,753,I,I,True
other_surface,754,V,V,True
other_surface,755,K,K,True
other_surface,756,M,M,True
other_surface,757,K,K,True
other_surface,758,C,C,True
other_surface,771,A,A,True
other_surface,772,L,L,True
other_surface,773,N,N,True
other_surface,778,P,P,True
other_surface,779,M,M,True
other_surface,780,N,N,True
other_surface,781,T,T,True
other_surface,782,I,I,True
other_surface,784,E,E,True
other_surface,785,A,A,True
other_surface,787,I,I,True
other_surface,788,E,E,True
other_surface,791,N,N,True
other_surface,792,R,R,True
other_surface,793,G,G,True
other_surface,794,Q,Q,True
other_surface,795,I,I,True
other_surface,796,Q,Q,True
other_surface,798,T,T,True
other_surface,800,N,N,True
other_surface,801,G,G,True
other_surface,802,F,F,True
other_surface,803,S,S,True
other_surface,808,L,L,True
other_surface,812,Q,Q,True
other_surface,813,I,I,True
other_surface,816,K,K,True
other_surface,822,E,E,True
other_surface,823,V,V,True
other_surface,825,R,R,True
other_surface,833,S,S,True
other_surface,836,G,G,True
other_surface,839,E,E,True
other_surface,840,D,D,True
other_surface,855,P,P,True
other_surface,856,S,S,True
other_surface,859,Q,Q,True
other_surface,863,N,N,True
other_surface,866,K,K,True
other_surface,867,R,R,True
other_surface,869,P,P,True
other_surface,870,N,N,True
other_surface,877,R,R,True
other_surface,879,P,P,True
other_surface,880,A,A,True
other_surface,881,V,V,True
other_surface,884,P,P,True
other_surface,888,Q,Q,True
other_surface,891,Q,Q,True
other_surface,892,N,N,True
other_surface,894,G,G,True
other_surface,896,P,P,True
other_surface,897,Q,Q,True
other_surface,898,N,N,True
other_surface,948,G,G,True
other_surface,949,E,E,True
other_surface,961,T,T,True
other_surface,964,G,G,True
other_surface,966,L,L,True
other_surface,967,E,E,True
other_surface,971,K,K,True
other_surface,972,N,S,False
other_surface,973,R,R,True
other_surface,974,Q,Q,True
other_surface,978,D,D,True
other_surface,982,K,K,True
other_surface,985,T,T,True
other_surface,986,D,D,True
other_surface,987,L,L,True
other_surface,988,E,E,True
other_surface,991,K,K,True
other_surface,992,K,K,True
other_surface,995,G,G,True
other_surface,996,K,K,True
other_surface,999,K,K,True
other_surface,1002,I,I,True
other_surface,1003,S,S,True
other_surface,1008,N,N,True
other_surface,1010,K,K,True
other_surface,1011,Q,Q,True
other_surface,1014,M,M,True
other_surface,1018,R,R,True
other_surface,1021,L,L,True
other_surface,1022,Q,Q,True
other_surface,1025,E,E,True
other_surface,1026,H,H,True
other_surface,1028,A,A,True
other_surface,1029,A,A,True
other_surface,1030,G,G,True
other_surface,1031,N,N,True
other_surface,1032,K,K,True
other_surface,1033,P,P,True
other_surface,1034,D,D,True
other_surface,1035,H,H,True
other_surface,1037,I,I,True
other_surface,1038,K,K,True
buried_core,327,A,A,True
buried_core,330,L,L,True
buried_core,334,A,A,True
buried_core,343,I,I,True
buried_core,346,A,A,True
buried_core,347,V,V,True
buried_core,349,L,L,True
buried_core,350,Y,Y,True
buried_core,353,A,A,True
buried_core,354,L,L,True
buried_core,356,V,V,True
buried_core,361,A,A,True
buried_core,363,A,A,True
buried_core,364,H,H,True
buried_core,367,L,L,True
buried_core,368,A,A,True
buried_core,370,V,V,True
buried_core,371,L,L,True
buried_core,374,Q,Q,True
buried_core,377,L,L,True
buried_core,380,A,A,True
buried_core,381,L,L,True
buried_core,383,H,H,True
buried_core,387,A,A,True
buried_core,388,I,I,True
buried_core,395,A,A,True
buried_core,397,A,A,True
buried_core,398,Y,Y,True
buried_core,401,M,M,True
buried_core,402,G,G,True
buried_core,404,T,T,True
buried_core,405,L,L,True
buried_core,413,G,G,True
buried_core,414,A,A,True
buried_core,417,C,C,True
buried_core,421,A,A,True
buried_core,422,I,I,True
buried_core,429,A,A,True
buried_core,431,A,A,True
buried_core,432,H,H,True
buried_core,435,L,L,True
buried_core,436,A,A,True
buried_core,438,I,I,True
buried_core,445,I,I,True
buried_core,448,A,A,True
buried_core,449,I,I,True
buried_core,451,S,S,True
buried_core,455,A,A,True
buried_core,456,L,L,True
buried_core,465,A,A,True
buried_core,466,Y,Y,True
buried_core,467,C,C,True
buried_core,469,L,L,True
buried_core,470,A,A,True
buried_core,471,H,H,True
buried_core,472,C,C,True
buried_core,473,L,L,True
buried_core,474,Q,Q,True
buried_core,475,I,I,True
buried_core,476,V,V,True
buried_core,477,C,C,True
buried_core,478,D,D,True
buried_core,479,W,W,True
buried_core,482,Y,Y,True
buried_core,485,R,R,True
buried_core,486,M,M,True
buried_core,489,L,L,True
buried_core,492,I,I,True
buried_core,493,V,V,True
buried_core,496,Q,Q,True
buried_core,497,L,L,True
buried_core,507,P,P,True
buried_core,510,S,S,True
buried_core,511,M,M,True
buried_core,512,L,L,True
buried_core,513,Y,Y,True
buried_core,515,L,L,True
buried_core,517,H,H,True
buried_core,520,R,R,True
buried_core,522,A,A,True
buried_core,523,I,I,True
buried_core,524,A,A,True
buried_core,526,R,R,True
buried_core,528,G,G,True
buried_core,531,C,C,True
buried_core,535,I,I,True
buried_core,537,V,V,True
buried_core,543,Y,Y,True
buried_core,545,H,H,True
buried_core,546,P,P,True
buried_core,549,L,L,True
buried_core,552,S,S,True
buried_core,555,R,R,True
buried_core,556,L,L,True
buried_core,557,R,R,True
buried_core,558,V,V,True
buried_core,559,G,G,True
buried_core,560,Y,Y,True
buried_core,561,V,V,True
buried_core,562,S,S,True
buried_core,563,S,S,True
buried_core,564,D,D,True
buried_core,565,F,F,True
buried_core,566,G,G,True
buried_core,570,T,T,True
buried_core,571,S,S,True
buried_core,573,L,L,True
buried_core,574,M,M,True
buried_core,575,Q,Q,True
buried_core,576,S,S,True
buried_core,577,I,I,True
buried_core,578,P,P,True
buried_core,580,M,M,True
buried_core,581,H,H,True
buried_core,586,F,F,True
buried_core,587,E,E,True
buried_core,588,V,V,True
buried_core,589,F,F,True
buried_core,590,C,C,True
buried_core,591,Y,Y,True
buried_core,592,A,A,True
buried_core,593,L,L,True
buried_core,594,S,S,True
buried_core,599,T,T,True
buried_core,601,F,F,True
buried_core,602,R,R,True
buried_core,604,K,K,True
buried_core,605,V,V,True
buried_core,609,A,A,True
buried_core,612,F,F,True
buried_core,613,I,I,True
buried_core,614,D,D,True
buried_core,615,L,L,True
buried_core,621,N,N,True
buried_core,622,G,G,True
buried_core,624,A,A,True
buried_core,625,A,A,True
buried_core,628,I,I,True
buried_core,631,D,D,True
buried_core,632,G,G,True
buried_core,633,I,I,True
buried_core,634,H,H,True
buried_core,635,I,I,True
buried_core,636,L,L,True
buried_core,637,V,V,True
buried_core,638,N,N,True
buried_core,639,M,M,True
buried_core,640,N,N,True
buried_core,647,R,R,True
buried_core,649,E,E,True
buried_core,650,L,L,True
buried_core,651,F,F,True
buried_core,652,A,A,True
buried_core,653,L,L,True
buried_core,654,R,R,True
buried_core,655,P,P,True
buried_core,656,A,A,True
buried_core,657,P,P,True
buried_core,658,I,I,True
buried_core,659,Q,Q,True
buried_core,660,A,A,True
buried_core,661,M,M,True
buried_core,662,W,W,True
buried_core,663,L,L,True
buried_core,667,G,G,True
buried_core,668,T,T,True
buried_core,669,S,S,True
buried_core,670,G,G,True
buried_core,671,A,A,True
buried_core,673,F,F,True
buried_core,674,M,M,True
buried_core,675,D,D,True
buried_core,676,Y,Y,True
buried_core,677,I,I,True
buried_core,678,I,I,True
buried_core,679,T,T,True
buried_core,680,D,D,True
buried_core,683,T,T,True
buried_core,684,S,S,True
buried_core,685,P,P,True
buried_core,688,V,V,True
buried_core,689,A,A,True
buried_core,691,Q,Q,True
buried_core,692,Y,Y,True
buried_core,694,E,E,True
buried_core,696,L,L,True
buried_core,697,A,A,True
buried_core,698,Y,Y,True
buried_core,699,M,M,True
buried_core,702,T,T,True
buried_core,703,F,F,True
buried_core,704,F,F,True
buried_core,705,I,I,True
buried_core,706,G,G,True
buried_core,707,D,D,True
buried_core,708,H,H,True
buried_core,711,M,M,True
buried_core,712,F,F,True
buried_core,714,H,H,True
buried_core,715,L,L,True
buried_core,718,K,K,True
buried_core,719,A,A,True
buried_core,720,V,V,True
buried_core,721,I,I,True
buried_core,722,D,D,True
buried_core,731,D,D,True
buried_core,732,N,N,True
buried_core,733,R,R,True
buried_core,734,I,I,True
buried_core,735,V,V,True
buried_core,736,L,L,True
buried_core,737,N,N,True
buried_core,738,G,G,True
buried_core,741,L,L,True
buried_core,744,F,F,True
buried_core,745,L,L,True
buried_core,748,L,L,True
buried_core,774,M,M,True
buried_core,775,P,P,True
buried_core,776,V,V,True
buried_core,777,I,I,True
buried_core,783,A,A,True
buried_core,786,V,V,True
buried_core,789,M,M,True
buried_core,790,I,I,True
buried_core,797,I,I,True
buried_core,799,I,I,True
buried_core,804,I,I,True
buried_core,805,S,S,True
buried_core,806,N,N,True
buried_core,807,G,G,True
buried_core,809,A,A,True
buried_core,810,T,T,True
buried_core,814,N,N,True
buried_core,817,A,A,True
buried_core,818,A,A,True
buried_core,820,G,G,True
buried_core,821,E,E,True
buried_core,824,P,P,True
buried_core,826,T,T,True
buried_core,827,I,I,True
buried_core,828,I,I,True
buried_core,829,V,V,True
buried_core,830,T,T,True
buried_core,831,T,T,True
buried_core,832,R,R,True
buried_core,834,Q,Q,True
buried_core,835,Y,Y,True
buried_core,837,L,L,True
buried_core,838,P,P,True
buried_core,841,A,A,True
buried_core,842,I,I,True
buried_core,843,V,V,True
buried_core,844,Y,Y,True
buried_core,845,C,C,True
buried_core,846,N,N,True
buried_core,847,F,F,True
buried_core,848,N,N,True
buried_core,850,L,L,True
buried_core,853,I,I,True
buried_core,854,D,D,True
buried_core,857,T,T,True
buried_core,858,L,L,True
buried_core,860,M,M,True
buried_core,861,W,W,True
buried_core,862,A,A,True
buried_core,864,I,I,True
buried_core,865,L,L,True
buried_core,868,V,V,True
buried_core,871,S,S,True
buried_core,872,V,V,True
buried_core,873,L,L,True
buried_core,874,W,W,True
buried_core,875,L,L,True
buried_core,876,L,L,True
buried_core,882,G,G,True
buried_core,883,E,E,True
buried_core,885,N,N,True
buried_core,886,I,I,True
buried_core,887,Q,Q,True
buried_core,889,Y,Y,True
buried_core,890,A,A,True
buried_core,893,M,M,True
buried_core,895,L,L,True
buried_core,899,R,R,True
buried_core,900,I,I,True
buried_core,901,I,I,True
buried_core,902,F,F,True
buried_core,903,S,S,True
buried_core,908,K,K,True
buried_core,909,E,E,True
buried_core,910,E,E,True
buried_core,911,H,H,True
buried_core,912,V,V,True
buried_core,913,R,R,True
buried_core,914,R,R,True
buried_core,915,G,G,True
buried_core,916,Q,Q,True
buried_core,917,L,L,True
buried_core,918,A,A,True
buried_core,919,D,D,True
buried_core,920,V,V,True
buried_core,921,C,C,True
buried_core,922,L,L,True
buried_core,923,D,D,True
buried_core,924,T,T,True
buried_core,925,P,P,True
buried_core,926,L,L,True
buried_core,927,C,C,True
buried_core,928,N,N,True
buried_core,929,G,G,True
buried_core,930,H,H,True
buried_core,931,T,T,True
buried_core,932,T,T,True
buried_core,933,G,G,True
buried_core,934,M,M,True
buried_core,935,D,D,True
buried_core,936,V,V,True
buried_core,937,L,L,True
buried_core,938,W,W,True
buried_core,939,A,A,True
buried_core,940,G,G,True
buried_core,941,T,T,True
buried_core,942,P,P,True
buried_core,943,M,M,True
buried_core,944,V,V,True
buried_core,945,T,T,True
buried_core,946,M,M,True
buried_core,947,P,P,True
buried_core,950,T,T,True
buried_core,951,L,L,True
buried_core,952,A,A,True
buried_core,953,S,S,True
buried_core,954,R,R,True
buried_core,955,V,V,True
buried_core,956,A,A,True
buried_core,957,A,A,True
buried_core,958,S,S,True
buried_core,959,Q,Q,True
buried_core,960,L,L,True
buried_core,962,C,C,True
buried_core,963,L,L,True
buried_core,965,C,C,True
buried_core,968,L,L,True
buried_core,969,I,I,True
buried_core,970,A,A,True
buried_core,975,E,E,True
buried_core,976,Y,Y,True
buried_core,977,E,E,True
buried_core,979,I,I,True
buried_core,980,A,A,True
buried_core,981,V,V,True
buried_core,983,L,L,True
buried_core,984,G,G,True
buried_core,989,Y,Y,True
buried_core,990,L,L,True
buried_core,993,V,I,False
buried_core,994,R,R,True
buried_core,997,V,V,True
buried_core,998,W,W,True
buried_core,1000,Q,Q,True
buried_core,1001,R,R,True
buried_core,1004,S,S,True
buried_core,1005,P,P,True
buried_core,1006,L,L,True
buried_core,1007,F,F,True
buried_core,1009,T,T,True
buried_core,1012,Y,Y,True
buried_core,1013,T,T,True
buried_core,1015,E,E,True
buried_core,1016,L,L,True
buried_core,1017,E,E,True
buried_core,1019,L,L,True
buried_core,1020,Y,Y,True
buried_core,1023,M,M,True
buried_core,1024,W,W,True
buried_core,1027,Y,Y,True
buried_core,1036,M,M,True
