universe,ptm,radius,n_proteins,n_sites,mean_observed_close_pair_fraction,mean_null_close_pair_fraction,mean_effect,fold_of_equal_protein_means,population_ci_low,population_ci_high,population_t_p_greater,population_log10_p_greater,exact_selection_null_se,exact_selection_z,exact_selection_p_greater,exact_selection_log10_p_greater,weighting,global_bh_q_population,global_bh_q_exact_null,primary_holm_p_population,primary_holm_p_exact_null
all_eligible_residues,acetylation,5,4106,33739,0.07276812704882335,0.028995394825362248,0.043772732223461085,2.50964428962261,0.03977959562591806,0.04776586882100411,1.7637058531939969e-97,-96.75357384379986,0.0009312745680269531,47.00303618963876,0.0,-481.8116436844797,equal_protein,2.9192372742521324e-97,0.0,,
all_eligible_residues,oglcnac,5,1057,9283,0.20955748398702478,0.018114481280495854,0.1914430027065289,11.568505923084787,0.17801744755248972,0.20486855786056807,1.2067155081109213e-129,-128.9183951058933,0.0016965962394532277,112.83945953353425,0.0,-2767.3317335588454,equal_protein,2.2277824765124702e-129,0.0,,
all_eligible_residues,phospho,5,12404,177045,0.09448650780322125,0.025173959329884504,0.0693125484733367,3.753343149762479,0.0671350848325592,0.07149001211411421,0.0,-inf,0.0004559619136250271,152.01389941164646,0.0,-5020.468427465971,equal_protein,0.0,0.0,,
all_eligible_residues,ubiquitination,5,5613,57754,0.05050061399203455,0.03136889493495131,0.019131719057083215,1.6098945817745918,0.016794363724997704,0.021469074389168726,5.462316420234337e-57,-56.262623145722934,0.0007673656110615905,24.93168677524651,1.6870383928577637e-137,-136.77287503382072,equal_protein,7.491176804892805e-57,2.381701260505078e-137,,
all_eligible_residues,acetylation,10,4106,33739,0.1345586769054961,0.05622647209039652,0.07833220481509959,2.3931552505937628,0.07285603131745631,0.08380837831274286,8.762549555843016e-159,-158.05736951290334,0.0012729707470953702,61.5349606374191,0.0,-824.4275115090528,equal_protein,2.103011893402324e-158,0.0,1.7525099111686032e-158,0.0
all_eligible_residues,oglcnac,10,1057,9283,0.3092006434647377,0.03470064200128008,0.2745000014634576,8.91051651013637,0.2582342427230402,0.290765760203875,8.517331468286832e-166,-165.06969645102302,0.002317017437813609,118.47127129197703,0.0,-3050.2302661482227,equal_protein,2.271288391543155e-165,0.0,2.5551994404860494e-165,0.0
all_eligible_residues,phospho,10,12404,177045,0.15002885002152228,0.04882882717295008,0.10120002284857214,3.07254666367728,0.09836065698968405,0.10403938870746024,0.0,-inf,0.0006227690684974589,162.50007903047464,0.0,-5736.659868742114,equal_protein,0.0,0.0,0.0,0.0
all_eligible_residues,ubiquitination,10,5613,57754,0.10009764130153978,0.06010203287313826,0.039995608428401504,1.6654618241087313,0.03675340483976244,0.04323781201704057,2.7228357502738353e-123,-122.5649785558327,0.0010349680506749218,38.64429283814088,0.0,-326.27010958444987,equal_protein,4.840596889375707e-123,0.0,2.7228357502738353e-123,0.0
all_eligible_residues,acetylation,15,4106,33739,0.17681447506785716,0.08188613090717962,0.0949283441606775,2.159272554570708,0.08880839448490352,0.10104829383645147,1.131612298101984e-183,-182.9463023413769,0.0014994433237632578,63.309057872510444,0.0,-872.5347987160698,equal_protein,3.394836894305952e-183,0.0,,
all_eligible_residues,oglcnac,15,1057,9283,0.3616679770927621,0.050829831355924206,0.3108381457368378,7.115270057857663,0.29331166386352536,0.3283646276101503,1.0794924084803375e-177,-176.96678040749063,0.0027680107177825504,112.2965831526295,0.0,-2740.7896777978463,equal_protein,3.0479785651209527e-177,0.0,,
all_eligible_residues,phospho,15,12404,177045,0.18790433516653707,0.07123841579879592,0.11666591936774111,2.6376826752752276,0.1135211887027756,0.11981065003270662,0.0,-inf,0.000737244067896293,158.24599267464342,0.0,-5440.354958479902,equal_protein,0.0,0.0,,
all_eligible_residues,ubiquitination,15,5613,57754,0.14281865377145464,0.0872423696599126,0.05557628411154205,1.6370331792704509,0.05170738520002969,0.05944518302305441,1.275859791123079e-163,-162.89419704919422,0.0012129792082266272,45.8180022663327,0.0,-457.9152190476601,equal_protein,3.223224735468831e-163,0.0,,
all_eligible_residues,acetylation,20,4106,33739,0.20845303769247697,0.1060850651109078,0.10236797258156913,1.9649612080130925,0.09596666121224096,0.1087692839508973,6.200745553586914e-194,-193.20755608947877,0.0016718419621101317,61.23065152184863,0.0,-816.3130220897176,equal_protein,2.7057798779288356e-193,0.0,,
all_eligible_residues,oglcnac,20,1057,9283,0.3892209933249197,0.06630790826014053,0.32291308506477917,5.869903055875628,0.3051591862840814,0.34066698384547695,5.988458478854963e-184,-183.22268495729116,0.003122166600183472,103.4259622935571,0.0,-2325.2225259675547,equal_protein,1.9163067132335885e-183,0.0,,
all_eligible_residues,phospho,20,12404,177045,0.2168659434643217,0.09325448326069558,0.12361146020362608,2.3255283379574014,0.12030704195194038,0.1269158784553118,0.0,-inf,0.0008262074194772883,149.61310839090575,0.0,-4863.215770463112,equal_protein,0.0,0.0,,
all_eligible_residues,ubiquitination,20,5613,57754,0.17839150106541116,0.11279661442942991,0.06559488663598119,1.5815324065158005,0.06133226725617856,0.06985750601578382,1.0323077678521196e-185,-184.98619080469211,0.0013487719413782494,48.63304508614905,0.0,-515.6770122926962,equal_protein,3.539340918350124e-185,0.0,,
all_eligible_residues,acetylation,25,4106,33739,0.23524658025462242,0.1297032562413238,0.10554332401329858,1.8137291774458335,0.09901575429346446,0.1120708937331327,9.132932895596097e-198,-197.0393897333276,0.0018155579425406141,58.13272137467877,0.0,-735.9939119250214,equal_protein,4.8708975443179175e-197,0.0,,
all_eligible_residues,oglcnac,25,1057,9283,0.4093112678950148,0.08170203214806328,0.32760923574695155,5.009805229241381,0.3097812763369839,0.34543719515691923,1.5376684124850854e-186,-185.81313730702735,0.0034211355042569657,95.76037994966961,0.0,-1993.6314599633904,equal_protein,5.677544907637238e-186,0.0,,
all_eligible_residues,phospho,25,12404,177045,0.24111697025078588,0.1144096581446414,0.12670731210614442,2.107487900592762,0.12331915912516823,0.13009546508712058,0.0,-inf,0.0008965267756974185,141.3313194216395,0.0,-4339.966001970614,equal_protein,0.0,0.0,,
all_eligible_residues,ubiquitination,25,5613,57754,0.21068582285159032,0.1377409667175256,0.07294485613406468,1.529579963553309,0.06838666462699906,0.0775030476411303,1.6706122627249846e-199,-198.77712433508492,0.0014573615897515784,50.05268194731195,0.0,-546.111369464342,equal_protein,1.0023673576349908e-198,0.0,,
all_eligible_residues,acetylation,30,4106,33739,0.2589474175074232,0.15233740785185126,0.10661000965557195,1.699828171943497,0.09997140422296404,0.11324861508817986,2.1773611277368248e-195,-194.66206953477305,0.0019316171556515217,55.192101262743805,0.0,-663.608095068098,equal_protein,1.0451333413136758e-194,0.0,,
all_eligible_residues,oglcnac,30,1057,9283,0.4278855677537885,0.09664112465166345,0.3312444431021251,4.4275723124712565,0.3132402395711677,0.34924864663308247,7.644436576188434e-187,-186.11665451821364,0.003672065337279814,90.20657659307984,0.0,-1769.3306564176717,equal_protein,3.0577746304753736e-186,0.0,,
all_eligible_residues,phospho,30,12404,177045,0.2641367715094962,0.1355735312350774,0.12856324027441876,1.9482915957355784,0.12514153525468674,0.13198494529415078,0.0,-inf,0.000956705692933047,134.38118036098692,0.0,-3923.8378287904407,equal_protein,0.0,0.0,,
all_eligible_residues,ubiquitination,30,5613,57754,0.2390357389133388,0.16162375185475622,0.07741198705858256,1.4789641755634353,0.07265732822407231,0.0821666458930928,7.157474992545899e-206,-205.14524016068228,0.0015468282008682039,50.04562692555822,0.0,-545.9579598362188,equal_protein,4.907982852031473e-205,0.0,,
observed_residue_union,acetylation,5,2966,25938,0.0602664539376847,0.036416143572856205,0.023850310364828473,1.6549378386844342,0.020728250216520236,0.02697237051313671,2.980528817165913e-49,-48.52570667484922,0.0010793769619680004,22.096367816988433,1.712689881768725e-108,-107.7663212679915,equal_protein,3.974038422887884e-49,2.2835865090249665e-108,,
observed_residue_union,oglcnac,5,1041,9220,0.2070680270219412,0.044578495925229916,0.16248953109671121,4.6450204908045745,0.149981363673846,0.17499769851957642,4.82912621008976e-112,-111.31613144408624,0.002572409647323755,63.166273406632435,0.0,-868.6124189896677,equal_protein,8.278502074439589e-112,0.0,,
observed_residue_union,phospho,5,2647,66985,0.059927972657664585,0.05064602538656096,0.009281947271103602,1.183270991163832,0.007489514046627417,0.011074380495579787,4.3086869558770486e-24,-23.36565505807544,0.0007904007162843063,11.743343698799098,3.820238718898575e-32,-31.417909498067054,equal_protein,5.170424347052459e-24,4.3659871073126576e-32,,
observed_residue_union,ubiquitination,5,3194,37873,0.03851666796425822,0.0345247602706745,0.003991907693583711,1.1156244869562344,0.002151247178725629,0.005832568208441792,1.0884748711374279e-05,-4.9631815927619085,0.0008874026063072357,4.4984178153310905,3.423052585817152e-06,-5.465586429066973,equal_protein,1.0884748711374279e-05,3.4230525858171523e-06,,
observed_residue_union,acetylation,10,2966,25938,0.11583254899974235,0.07413493621805842,0.04169761278168391,1.5624556370971407,0.03736492203023091,0.046030303533136904,2.1226609961669332e-75,-74.6731193601675,0.0014730852646981868,28.306313138110934,1.4448811294141935e-176,-175.8401678809095,equal_protein,3.286700897290735e-75,2.2372352971574608e-176,,
observed_residue_union,oglcnac,10,1041,9220,0.3045496553826502,0.07615215743261547,0.2283974979500347,3.999225572199135,0.21338402755840788,0.2434109683416615,3.1491864945442657e-142,-141.50180161972125,0.003258675010258246,70.08906909435393,0.0,-1068.9757870784388,equal_protein,6.0464380695249904e-142,0.0,,
observed_residue_union,phospho,10,2647,66985,0.09750021676906771,0.08430147766684196,0.013198739102225748,1.1565659282318508,0.010771609457517973,0.015625868746933523,2.5341043378762894e-26,-25.596175507672363,0.000984231784483026,13.410193930242224,2.6350418264816174e-41,-40.57921248676414,equal_protein,3.200973900475313e-26,3.328473886082043e-41,,
observed_residue_union,ubiquitination,10,3194,37873,0.07983739291557355,0.07158119078184597,0.008256202133727578,1.1153403854217732,0.005571266399130361,0.010941137868324796,9.181233651484257e-10,-9.03709896018918,0.0012165032117519867,6.786831349041109,5.731153338398363e-12,-11.241757971732548,equal_protein,9.376579048324348e-10,5.8530927711302436e-12,,
observed_residue_union,acetylation,15,2966,25938,0.15604284966294052,0.10633755523673145,0.04970529442620905,1.4674293509527638,0.044629187116026606,0.0547814017363915,7.812597562304112e-78,-77.10720454622313,0.0017206525974280417,28.887466592911554,8.578447099957974e-184,-183.06659132251934,equal_protein,1.250015609968658e-77,1.372551535993276e-183,,
observed_residue_union,oglcnac,15,1041,9220,0.35621170520689993,0.10088424054184571,0.2553274646650542,3.530895443071181,0.23913321610215213,0.2715217132279562,7.853484244678914e-150,-149.10493762318842,0.003687515300289371,69.2410590526954,0.0,-1043.3138291865673,equal_protein,1.6389880162808168e-149,0.0,,
observed_residue_union,phospho,15,2647,66985,0.12458863019067921,0.10933537808497384,0.015253252105705366,1.1395088430924047,0.012559323403642127,0.017947180807768606,2.509575959943753e-28,-27.600399654540535,0.0010668388872289972,14.297615402194515,1.1321816846185151e-46,-45.946083875006494,equal_protein,3.2556661101973014e-28,1.4687762395051008e-46,,
observed_residue_union,ubiquitination,15,3194,37873,0.1163507722927717,0.1032478418864204,0.013102930406351276,1.126907547576301,0.009947580318599793,0.01625828049410276,2.756513041237565e-16,-15.559639948505184,0.0014128849527753498,9.273883468440234,8.97445059738973e-21,-20.046992128802597,equal_protein,2.87636143433485e-16,9.364644101624067e-21,,
observed_residue_union,acetylation,20,2966,25938,0.18563763230206257,0.13452418965506163,0.05111344264700088,1.3799572610551514,0.04569513258064699,0.05653175271335477,1.1117331880450083e-72,-71.95399942935776,0.0018886034482803846,27.06414768729815,1.3016672098810446e-161,-160.88550003526566,equal_protein,1.6675997820675123e-72,1.9525008148215667e-161,,
observed_residue_union,oglcnac,20,1041,9220,0.3839533898494996,0.12244445064978175,0.26150893919971774,3.1357353298737185,0.24504999871484812,0.27796787968458736,1.65168020622745e-151,-150.7820740357778,0.00401117790321459,65.19504881350248,0.0,-925.1748213666853,equal_protein,3.7752690428056006e-151,0.0,,
observed_residue_union,phospho,20,2647,66985,0.1460427914372871,0.13164964775285218,0.014393143684434888,1.1093291469450446,0.011584191760872196,0.01720209560799758,1.2276346620676912e-23,-22.910930857832092,0.0011228042512708022,12.81892517608886,6.423450719979666e-38,-37.192231603389544,equal_protein,1.4030110423630758e-23,7.905785501513434e-38,,
observed_residue_union,ubiquitination,20,3194,37873,0.14771441315434394,0.131132794020556,0.01658161913378793,1.1264490645352119,0.013077636342906474,0.020085601924669388,1.5400309009486088e-20,-19.81247056489287,0.0015509378632618052,10.691349748154856,5.586647160584548e-27,-26.252848756785536,equal_protein,1.680033710125755e-20,5.959090304623518e-27,,
observed_residue_union,acetylation,25,2966,25938,0.21090747106828728,0.15947591758803825,0.051431553480249005,1.3225035745717304,0.04587023433565957,0.05699287262483844,4.477622286994416e-70,-69.3489525444311,0.002021687715212854,25.439909978794137,4.564739649282482e-143,-142.3405839874844,equal_protein,6.51290514471915e-70,6.639621308047246e-143,,
observed_residue_union,oglcnac,25,1041,9220,0.40430975466808367,0.1415872369027414,0.2627225177653423,2.8555522624246894,0.24617282103681074,0.27927221449387385,2.5565613503827846e-151,-150.59234378094916,0.0042744786734277935,61.46305499160664,0.0,-822.5064991277053,equal_protein,5.577952037198802e-151,0.0,,
observed_residue_union,phospho,25,2647,66985,0.16503377657971663,0.15110676615775484,0.013927010421961789,1.0921666896598268,0.011050036154078385,0.016803984689845192,2.4338731595699554e-21,-20.613702058617957,0.0011671419992364707,11.932575840020032,4.002865251049146e-33,-32.39762902935799,equal_protein,2.7168816664966945e-21,4.6862812695209515e-33,,
observed_residue_union,ubiquitination,25,3194,37873,0.17602766492551628,0.15684627926876996,0.019181385656746302,1.122294170739475,0.015455936039667972,0.022906835273824633,6.534388630666134e-24,-23.184795039567554,0.001642622873704453,11.677291217483369,8.325886960378205e-32,-31.079569489776077,equal_protein,7.650015957853035e-24,9.294013351119857e-32,,
observed_residue_union,acetylation,30,2966,25938,0.23430573253752862,0.1833130547647549,0.05099267777277374,1.278172647541183,0.045357725694940544,0.05662762985060694,2.5002275962362196e-67,-66.60202045561176,0.0021218100071836703,24.03263138552992,6.341600599663594e-128,-127.19780111374763,equal_protein,3.529733077039369e-67,8.697052250967214e-128,,
observed_residue_union,oglcnac,30,1041,9220,0.4231054974961886,0.1586509051461872,0.2644545923500013,2.6668962090466644,0.24756785212279975,0.28134133257720284,2.2519985155603867e-148,-147.6474319000925,0.004474725363904273,59.09962530510705,0.0,-760.6152363922906,equal_protein,4.5039970311207735e-148,0.0,,
observed_residue_union,phospho,30,2647,66985,0.18388753199792912,0.16991106810329684,0.01397646389463228,1.0822575247784054,0.011000748061181717,0.016952179728082842,3.227199081100791e-20,-19.491174242790493,0.0012034261638894552,11.61389399201739,1.7514590091718788e-31,-30.75660002237642,equal_protein,3.44234568650751e-20,1.9106825554602316e-31,,
observed_residue_union,ubiquitination,30,3194,37873,0.20095986073280633,0.17995533030458338,0.02100453042822293,1.1167208017271382,0.01707464742152661,0.02493441343491925,1.371692941447261e-25,-24.862743096180164,0.0017132604327152082,12.259975207000226,7.427266669815611e-35,-34.12917098282329,equal_protein,1.688237466396629e-25,8.912720003778733e-35,,
